"CountryName","CountryCode","RegionName","RegionCode","Jurisdiction","Date","C1_School closing","C1_Flag","C2_Workplace closing","C2_Flag","C3_Cancel public events","C3_Flag","C4_Restrictions on gatherings","C4_Flag","C5_Close public transport","C5_Flag","C6_Stay at home requirements","C6_Flag","C7_Restrictions on internal movement","C7_Flag","C8_International travel controls","E1_Income support","E1_Flag","E2_Debt/contract relief","E3_Fiscal measures","E4_International support","H1_Public information campaigns","H1_Flag","H2_Testing policy","H3_Contact tracing","H4_Emergency investment in healthcare","H5_Investment in vaccines","H6_Facial Coverings","H6_Flag","H7_Vaccination policy","H7_Flag","M1_Wildcard","ConfirmedCases","ConfirmedDeaths","StringencyIndex","StringencyIndexForDisplay","StringencyLegacyIndex","StringencyLegacyIndexForDisplay","GovernmentResponseIndex","GovernmentResponseIndexForDisplay","ContainmentHealthIndex","ContainmentHealthIndexForDisplay","EconomicSupportIndex","EconomicSupportIndexForDisplay"
"Georgia","GEO",NA,NA,"NAT_TOTAL",20200101,0,NA,0,NA,0,NA,0,NA,0,NA,0,NA,0,NA,0,0,NA,0,0,0,0,NA,0,0,0,0,0,NA,0,NA,NA,NA,NA,0,0,0,0,0,0,0,0,0,0
"Georgia","GEO",NA,NA,"NAT_TOTAL",20200102,0,NA,0,NA,0,NA,0,NA,0,NA,0,NA,0,NA,0,0,NA,0,0,0,0,NA,0,0,0,0,0,NA,0,NA,NA,NA,NA,0,0,0,0,0,0,0,0,0,0
"Georgia","GEO",NA,NA,"NAT_TOTAL",20200103,0,NA,0,NA,0,NA,0,NA,0,NA,0,NA,0,NA,0,0,NA,0,0,0,0,NA,0,0,0,0,0,NA,0,NA,NA,NA,NA,0,0,0,0,0,0,0,0,0,0
"Georgia","GEO",NA,NA,"NAT_TOTAL",20200104,0,NA,0,NA,0,NA,0,NA,0,NA,0,NA,0,NA,0,0,NA,0,0,0,0,NA,0,0,0,0,0,NA,0,NA,NA,NA,NA,0,0,0,0,0,0,0,0,0,0
"Georgia","GEO",NA,NA,"NAT_TOTAL",20200105,0,NA,0,NA,0,NA,0,NA,0,NA,0,NA,0,NA,0,0,NA,0,0,0,0,NA,0,0,0,0,0,NA,0,NA,NA,NA,NA,0,0,0,0,0,0,0,0,0,0
"Georgia","GEO",NA,NA,"NAT_TOTAL",20200106,0,NA,0,NA,0,NA,0,NA,0,NA,0,NA,0,NA,0,0,NA,0,0,0,0,NA,0,0,0,0,0,NA,0,NA,NA,NA,NA,0,0,0,0,0,0,0,0,0,0
"Georgia","GEO",NA,NA,"NAT_TOTAL",20200107,0,NA,0,NA,0,NA,0,NA,0,NA,0,NA,0,NA,0,0,NA,0,0,0,0,NA,0,0,0,0,0,NA,0,NA,NA,NA,NA,0,0,0,0,0,0,0,0,0,0
"Georgia","GEO",NA,NA,"NAT_TOTAL",20200108,0,NA,0,NA,0,NA,0,NA,0,NA,0,NA,0,NA,0,0,NA,0,0,0,0,NA,0,0,0,0,0,NA,0,NA,NA,NA,NA,0,0,0,0,0,0,0,0,0,0
"Georgia","GEO",NA,NA,"NAT_TOTAL",20200109,0,NA,0,NA,0,NA,0,NA,0,NA,0,NA,0,NA,0,0,NA,0,0,0,0,NA,0,0,0,0,0,NA,0,NA,NA,NA,NA,0,0,0,0,0,0,0,0,0,0
"Georgia","GEO",NA,NA,"NAT_TOTAL",20200110,0,NA,0,NA,0,NA,0,NA,0,NA,0,NA,0,NA,0,0,NA,0,0,0,0,NA,0,0,0,0,0,NA,0,NA,NA,NA,NA,0,0,0,0,0,0,0,0,0,0
"Georgia","GEO",NA,NA,"NAT_TOTAL",20200111,0,NA,0,NA,0,NA,0,NA,0,NA,0,NA,0,NA,0,0,NA,0,0,0,0,NA,0,0,0,0,0,NA,0,NA,NA,NA,NA,0,0,0,0,0,0,0,0,0,0
"Georgia","GEO",NA,NA,"NAT_TOTAL",20200112,0,NA,0,NA,0,NA,0,NA,0,NA,0,NA,0,NA,0,0,NA,0,0,0,0,NA,0,0,0,0,0,NA,0,NA,NA,NA,NA,0,0,0,0,0,0,0,0,0,0
"Georgia","GEO",NA,NA,"NAT_TOTAL",20200113,0,NA,0,NA,0,NA,0,NA,0,NA,0,NA,0,NA,0,0,NA,0,0,0,0,NA,0,0,0,0,0,NA,0,NA,NA,NA,NA,0,0,0,0,0,0,0,0,0,0
"Georgia","GEO",NA,NA,"NAT_TOTAL",20200114,0,NA,0,NA,0,NA,0,NA,0,NA,0,NA,0,NA,0,0,NA,0,0,0,0,NA,0,0,0,0,0,NA,0,NA,NA,NA,NA,0,0,0,0,0,0,0,0,0,0
"Georgia","GEO",NA,NA,"NAT_TOTAL",20200115,0,NA,0,NA,0,NA,0,NA,0,NA,0,NA,0,NA,0,0,NA,0,0,0,0,NA,0,0,0,0,0,NA,0,NA,NA,NA,NA,0,0,0,0,0,0,0,0,0,0
"Georgia","GEO",NA,NA,"NAT_TOTAL",20200116,0,NA,0,NA,0,NA,0,NA,0,NA,0,NA,0,NA,0,0,NA,0,0,0,0,NA,0,0,0,0,0,NA,0,NA,NA,NA,NA,0,0,0,0,0,0,0,0,0,0
"Georgia","GEO",NA,NA,"NAT_TOTAL",20200117,0,NA,0,NA,0,NA,0,NA,0,NA,0,NA,0,NA,0,0,NA,0,0,0,0,NA,0,0,0,0,0,NA,0,NA,NA,NA,NA,0,0,0,0,0,0,0,0,0,0
"Georgia","GEO",NA,NA,"NAT_TOTAL",20200118,0,NA,0,NA,0,NA,0,NA,0,NA,0,NA,0,NA,0,0,NA,0,0,0,0,NA,0,0,0,0,0,NA,0,NA,NA,NA,NA,0,0,0,0,0,0,0,0,0,0
"Georgia","GEO",NA,NA,"NAT_TOTAL",20200119,0,NA,0,NA,0,NA,0,NA,0,NA,0,NA,0,NA,0,0,NA,0,0,0,0,NA,0,0,0,0,0,NA,0,NA,NA,NA,NA,0,0,0,0,0,0,0,0,0,0
"Georgia","GEO",NA,NA,"NAT_TOTAL",20200120,0,NA,0,NA,0,NA,0,NA,0,NA,0,NA,0,NA,0,0,NA,0,0,0,0,NA,0,0,0,0,0,NA,0,NA,NA,NA,NA,0,0,0,0,0,0,0,0,0,0
"Georgia","GEO",NA,NA,"NAT_TOTAL",20200121,0,NA,0,NA,0,NA,0,NA,0,NA,0,NA,0,NA,0,0,NA,0,0,0,0,NA,0,0,0,0,0,NA,0,NA,NA,NA,NA,0,0,0,0,0,0,0,0,0,0
"Georgia","GEO",NA,NA,"NAT_TOTAL",20200122,0,NA,0,NA,0,NA,0,NA,0,NA,0,NA,0,NA,0,0,NA,0,0,0,0,NA,0,0,0,0,0,NA,0,NA,NA,0,0,0,0,0,0,0,0,0,0,0,0
"Georgia","GEO",NA,NA,"NAT_TOTAL",20200123,0,NA,0,NA,0,NA,0,NA,0,NA,0,NA,0,NA,0,0,NA,0,0,0,0,NA,0,0,0,0,0,NA,0,NA,NA,0,0,0,0,0,0,0,0,0,0,0,0
"Georgia","GEO",NA,NA,"NAT_TOTAL",20200124,0,NA,0,NA,0,NA,0,NA,0,NA,0,NA,0,NA,0,0,NA,0,0,0,0,NA,0,0,0,0,0,NA,0,NA,NA,0,0,0,0,0,0,0,0,0,0,0,0
"Georgia","GEO",NA,NA,"NAT_TOTAL",20200125,0,NA,0,NA,0,NA,0,NA,0,NA,0,NA,0,NA,0,0,NA,0,0,0,0,NA,0,0,0,0,0,NA,0,NA,NA,0,0,0,0,0,0,0,0,0,0,0,0
"Georgia","GEO",NA,NA,"NAT_TOTAL",20200126,0,NA,0,NA,0,NA,0,NA,0,NA,0,NA,0,NA,0,0,NA,0,0,0,0,NA,0,0,0,0,0,NA,0,NA,NA,0,0,0,0,0,0,0,0,0,0,0,0
"Georgia","GEO",NA,NA,"NAT_TOTAL",20200127,0,NA,0,NA,0,NA,0,NA,0,NA,0,NA,0,NA,0,0,NA,0,0,0,0,NA,0,0,0,0,0,NA,0,NA,NA,0,0,0,0,0,0,0,0,0,0,0,0
"Georgia","GEO",NA,NA,"NAT_TOTAL",20200128,0,NA,0,NA,0,NA,0,NA,0,NA,0,NA,0,NA,3,0,NA,0,0,0,0,NA,0,0,0,0,0,NA,0,NA,NA,0,0,8.33,8.33,10.71,10.71,5,5,5.77,5.77,0,0
"Georgia","GEO",NA,NA,"NAT_TOTAL",20200129,0,NA,0,NA,0,NA,0,NA,0,NA,0,NA,0,NA,3,0,NA,0,0,0,2,1,0,0,0,0,0,NA,0,NA,NA,0,0,19.44,19.44,25,25,11.67,11.67,13.46,13.46,0,0
"Georgia","GEO",NA,NA,"NAT_TOTAL",20200130,0,NA,0,NA,0,NA,0,NA,0,NA,0,NA,0,NA,3,0,NA,0,0,0,2,1,0,0,0,0,0,NA,0,NA,NA,0,0,19.44,19.44,25,25,11.67,11.67,13.46,13.46,0,0
"Georgia","GEO",NA,NA,"NAT_TOTAL",20200131,0,NA,0,NA,0,NA,0,NA,0,NA,0,NA,0,NA,3,0,NA,0,0,0,2,1,0,0,0,0,0,NA,0,NA,NA,0,0,19.44,19.44,25,25,11.67,11.67,13.46,13.46,0,0
"Georgia","GEO",NA,NA,"NAT_TOTAL",20200201,0,NA,0,NA,0,NA,0,NA,0,NA,0,NA,0,NA,3,0,NA,0,0,0,2,1,0,0,0,0,0,NA,0,NA,NA,0,0,19.44,19.44,25,25,11.67,11.67,13.46,13.46,0,0
"Georgia","GEO",NA,NA,"NAT_TOTAL",20200202,0,NA,0,NA,0,NA,0,NA,0,NA,0,NA,0,NA,3,0,NA,0,0,0,2,1,0,0,0,0,0,NA,0,NA,NA,0,0,19.44,19.44,25,25,11.67,11.67,13.46,13.46,0,0
"Georgia","GEO",NA,NA,"NAT_TOTAL",20200203,0,NA,0,NA,0,NA,0,NA,0,NA,0,NA,0,NA,3,0,NA,0,0,0,2,1,0,0,0,0,0,NA,0,NA,NA,0,0,19.44,19.44,25,25,11.67,11.67,13.46,13.46,0,0
"Georgia","GEO",NA,NA,"NAT_TOTAL",20200204,0,NA,0,NA,0,NA,0,NA,0,NA,0,NA,0,NA,3,0,NA,0,0,0,2,1,0,0,0,0,0,NA,0,NA,NA,0,0,19.44,19.44,25,25,11.67,11.67,13.46,13.46,0,0
"Georgia","GEO",NA,NA,"NAT_TOTAL",20200205,0,NA,0,NA,0,NA,0,NA,0,NA,0,NA,0,NA,3,0,NA,0,0,0,2,1,0,0,0,0,0,NA,0,NA,NA,0,0,19.44,19.44,25,25,11.67,11.67,13.46,13.46,0,0
"Georgia","GEO",NA,NA,"NAT_TOTAL",20200206,0,NA,0,NA,0,NA,0,NA,0,NA,0,NA,0,NA,3,0,NA,0,0,0,2,1,0,0,0,0,0,NA,0,NA,NA,0,0,19.44,19.44,25,25,11.67,11.67,13.46,13.46,0,0
"Georgia","GEO",NA,NA,"NAT_TOTAL",20200207,0,NA,0,NA,0,NA,0,NA,0,NA,0,NA,0,NA,3,0,NA,0,0,0,2,1,0,0,0,0,0,NA,0,NA,NA,0,0,19.44,19.44,25,25,11.67,11.67,13.46,13.46,0,0
"Georgia","GEO",NA,NA,"NAT_TOTAL",20200208,0,NA,0,NA,0,NA,0,NA,0,NA,0,NA,0,NA,3,0,NA,0,0,0,2,1,0,0,0,0,0,NA,0,NA,NA,0,0,19.44,19.44,25,25,11.67,11.67,13.46,13.46,0,0
"Georgia","GEO",NA,NA,"NAT_TOTAL",20200209,0,NA,0,NA,0,NA,0,NA,0,NA,0,NA,0,NA,3,0,NA,0,0,0,2,1,0,0,0,0,0,NA,0,NA,NA,0,0,19.44,19.44,25,25,11.67,11.67,13.46,13.46,0,0
"Georgia","GEO",NA,NA,"NAT_TOTAL",20200210,0,NA,0,NA,0,NA,0,NA,0,NA,0,NA,0,NA,3,0,NA,0,0,0,2,1,0,0,0,0,0,NA,0,NA,NA,0,0,19.44,19.44,25,25,11.67,11.67,13.46,13.46,0,0
"Georgia","GEO",NA,NA,"NAT_TOTAL",20200211,0,NA,0,NA,0,NA,0,NA,0,NA,0,NA,0,NA,3,0,NA,0,0,0,2,1,0,0,0,0,0,NA,0,NA,NA,0,0,19.44,19.44,25,25,11.67,11.67,13.46,13.46,0,0
"Georgia","GEO",NA,NA,"NAT_TOTAL",20200212,0,NA,0,NA,0,NA,0,NA,0,NA,0,NA,0,NA,3,0,NA,0,0,0,2,1,0,0,0,0,0,NA,0,NA,NA,0,0,19.44,19.44,25,25,11.67,11.67,13.46,13.46,0,0
"Georgia","GEO",NA,NA,"NAT_TOTAL",20200213,0,NA,0,NA,0,NA,0,NA,0,NA,0,NA,0,NA,3,0,NA,0,0,0,2,1,0,0,0,0,0,NA,0,NA,NA,0,0,19.44,19.44,25,25,11.67,11.67,13.46,13.46,0,0
"Georgia","GEO",NA,NA,"NAT_TOTAL",20200214,0,NA,0,NA,0,NA,0,NA,0,NA,0,NA,0,NA,3,0,NA,0,0,0,2,1,0,0,0,0,0,NA,0,NA,NA,0,0,19.44,19.44,25,25,11.67,11.67,13.46,13.46,0,0
"Georgia","GEO",NA,NA,"NAT_TOTAL",20200215,0,NA,0,NA,0,NA,0,NA,0,NA,0,NA,0,NA,3,0,NA,0,0,0,2,1,0,0,0,0,0,NA,0,NA,NA,0,0,19.44,19.44,25,25,11.67,11.67,13.46,13.46,0,0
"Georgia","GEO",NA,NA,"NAT_TOTAL",20200216,0,NA,0,NA,0,NA,0,NA,0,NA,0,NA,0,NA,3,0,NA,0,0,0,2,1,0,0,0,0,0,NA,0,NA,NA,0,0,19.44,19.44,25,25,11.67,11.67,13.46,13.46,0,0
"Georgia","GEO",NA,NA,"NAT_TOTAL",20200217,0,NA,0,NA,0,NA,0,NA,0,NA,0,NA,0,NA,3,0,NA,0,0,0,2,1,0,0,0,0,0,NA,0,NA,NA,0,0,19.44,19.44,25,25,11.67,11.67,13.46,13.46,0,0
"Georgia","GEO",NA,NA,"NAT_TOTAL",20200218,0,NA,0,NA,0,NA,0,NA,0,NA,0,NA,0,NA,3,0,NA,0,0,0,2,1,0,0,0,0,0,NA,0,NA,NA,0,0,19.44,19.44,25,25,11.67,11.67,13.46,13.46,0,0
"Georgia","GEO",NA,NA,"NAT_TOTAL",20200219,0,NA,0,NA,0,NA,0,NA,0,NA,0,NA,0,NA,3,0,NA,0,0,0,2,1,0,0,0,0,0,NA,0,NA,NA,0,0,19.44,19.44,25,25,11.67,11.67,13.46,13.46,0,0
"Georgia","GEO",NA,NA,"NAT_TOTAL",20200220,0,NA,0,NA,0,NA,0,NA,0,NA,0,NA,0,NA,3,0,NA,0,0,0,2,1,0,0,0,0,0,NA,0,NA,NA,0,0,19.44,19.44,25,25,11.67,11.67,13.46,13.46,0,0
"Georgia","GEO",NA,NA,"NAT_TOTAL",20200221,0,NA,0,NA,0,NA,0,NA,0,NA,0,NA,0,NA,3,0,NA,0,0,0,2,1,0,0,0,0,0,NA,0,NA,NA,0,0,19.44,19.44,25,25,11.67,11.67,13.46,13.46,0,0
"Georgia","GEO",NA,NA,"NAT_TOTAL",20200222,0,NA,0,NA,0,NA,0,NA,0,NA,0,NA,0,NA,3,0,NA,0,0,0,2,1,0,0,0,0,0,NA,0,NA,NA,0,0,19.44,19.44,25,25,11.67,11.67,13.46,13.46,0,0
"Georgia","GEO",NA,NA,"NAT_TOTAL",20200223,0,NA,0,NA,0,NA,0,NA,0,NA,0,NA,0,NA,3,0,NA,0,0,0,2,1,0,0,0,0,0,NA,0,NA,NA,0,0,19.44,19.44,25,25,11.67,11.67,13.46,13.46,0,0
"Georgia","GEO",NA,NA,"NAT_TOTAL",20200224,0,NA,0,NA,0,NA,0,NA,0,NA,0,NA,0,NA,3,0,NA,0,0,0,2,1,0,0,0,0,0,NA,0,NA,NA,0,0,19.44,19.44,25,25,11.67,11.67,13.46,13.46,0,0
"Georgia","GEO",NA,NA,"NAT_TOTAL",20200225,0,NA,0,NA,0,NA,0,NA,0,NA,0,NA,0,NA,3,0,NA,0,0,0,2,1,0,0,0,0,0,NA,0,NA,NA,0,0,19.44,19.44,25,25,11.67,11.67,13.46,13.46,0,0
"Georgia","GEO",NA,NA,"NAT_TOTAL",20200226,0,NA,0,NA,0,NA,0,NA,0,NA,0,NA,0,NA,3,0,NA,0,0,0,2,1,1,2,0,0,0,NA,0,NA,NA,1,0,19.44,19.44,25,25,20.56,20.56,23.72,23.72,0,0
"Georgia","GEO",NA,NA,"NAT_TOTAL",20200227,0,NA,0,NA,0,NA,0,NA,0,NA,0,NA,0,NA,3,0,NA,0,0,0,2,1,1,2,0,0,0,NA,0,NA,NA,1,0,19.44,19.44,25,25,20.56,20.56,23.72,23.72,0,0
"Georgia","GEO",NA,NA,"NAT_TOTAL",20200228,0,NA,0,NA,0,NA,0,NA,0,NA,0,NA,0,NA,3,0,NA,0,0,0,2,1,1,2,0,0,0,NA,0,NA,NA,1,0,19.44,19.44,25,25,20.56,20.56,23.72,23.72,0,0
"Georgia","GEO",NA,NA,"NAT_TOTAL",20200229,0,NA,0,NA,0,NA,0,NA,0,NA,0,NA,0,NA,3,0,NA,0,0,0,2,1,1,2,0,0,0,NA,0,NA,NA,1,0,19.44,19.44,25,25,20.56,20.56,23.72,23.72,0,0
"Georgia","GEO",NA,NA,"NAT_TOTAL",20200301,0,NA,0,NA,2,1,0,NA,0,NA,0,NA,0,NA,3,0,NA,0,0,0,2,1,1,2,0,0,0,NA,0,NA,NA,3,0,30.56,30.56,39.29,39.29,27.22,27.22,31.41,31.41,0,0
"Georgia","GEO",NA,NA,"NAT_TOTAL",20200302,3,1,0,NA,2,1,0,NA,0,NA,0,NA,0,NA,3,0,NA,0,0,0,2,1,1,2,0,0,0,NA,0,NA,NA,3,0,41.67,41.67,53.57,53.57,33.89,33.89,39.1,39.1,0,0
"Georgia","GEO",NA,NA,"NAT_TOTAL",20200303,3,1,0,NA,2,1,0,NA,0,NA,0,NA,0,NA,3,0,NA,0,0,0,2,1,1,2,0,0,0,NA,0,NA,NA,3,0,41.67,41.67,53.57,53.57,33.89,33.89,39.1,39.1,0,0
"Georgia","GEO",NA,NA,"NAT_TOTAL",20200304,3,1,0,NA,2,1,0,NA,0,NA,0,NA,0,NA,3,0,NA,0,0,0,2,1,1,2,0,0,0,NA,0,NA,NA,3,0,41.67,41.67,53.57,53.57,33.89,33.89,39.1,39.1,0,0
"Georgia","GEO",NA,NA,"NAT_TOTAL",20200305,3,1,0,NA,2,1,0,NA,0,NA,0,NA,0,NA,3,0,NA,0,0,0,2,1,1,2,0,0,0,NA,0,NA,NA,4,0,41.67,41.67,53.57,53.57,33.89,33.89,39.1,39.1,0,0
"Georgia","GEO",NA,NA,"NAT_TOTAL",20200306,3,1,0,NA,2,1,0,NA,0,NA,0,NA,0,NA,3,0,NA,0,0,0,2,1,1,2,0,0,0,NA,0,NA,NA,4,0,41.67,41.67,53.57,53.57,33.89,33.89,39.1,39.1,0,0
"Georgia","GEO",NA,NA,"NAT_TOTAL",20200307,3,1,0,NA,2,1,0,NA,0,NA,0,NA,0,NA,3,0,NA,0,0,0,2,1,1,2,0,0,0,NA,0,NA,NA,4,0,41.67,41.67,53.57,53.57,33.89,33.89,39.1,39.1,0,0
"Georgia","GEO",NA,NA,"NAT_TOTAL",20200308,3,1,0,NA,2,1,0,NA,0,NA,0,NA,0,NA,3,0,NA,0,0,0,2,1,1,2,0,0,0,NA,0,NA,NA,13,0,41.67,41.67,53.57,53.57,33.89,33.89,39.1,39.1,0,0
"Georgia","GEO",NA,NA,"NAT_TOTAL",20200309,3,1,0,NA,2,1,0,NA,0,NA,1,1,0,NA,3,0,NA,0,0,0,2,1,1,2,0,0,0,NA,0,NA,NA,15,0,45.37,45.37,60.71,60.71,36.11,36.11,41.67,41.67,0,0
"Georgia","GEO",NA,NA,"NAT_TOTAL",20200310,3,1,0,NA,2,1,0,NA,0,NA,1,1,0,NA,3,0,NA,0,0,0,2,1,1,2,0,0,0,NA,0,NA,NA,15,0,45.37,45.37,60.71,60.71,36.11,36.11,41.67,41.67,0,0
"Georgia","GEO",NA,NA,"NAT_TOTAL",20200311,3,1,0,NA,2,1,0,NA,0,NA,1,1,0,NA,3,0,NA,0,0,0,2,1,1,2,0,0,0,NA,0,NA,NA,24,0,45.37,45.37,60.71,60.71,36.11,36.11,41.67,41.67,0,0
"Georgia","GEO",NA,NA,"NAT_TOTAL",20200312,3,1,0,NA,2,1,0,NA,0,NA,1,1,0,NA,3,0,NA,0,0,0,2,1,1,2,0,0,0,NA,0,NA,NA,24,0,45.37,45.37,60.71,60.71,36.11,36.11,41.67,41.67,0,0
"Georgia","GEO",NA,NA,"NAT_TOTAL",20200313,3,1,0,NA,2,1,0,NA,0,NA,1,1,0,NA,3,0,NA,0,310842958,0,2,1,1,2,0,0,0,NA,0,NA,NA,25,0,45.37,45.37,60.71,60.71,36.11,36.11,41.67,41.67,0,0
"Georgia","GEO",NA,NA,"NAT_TOTAL",20200314,3,1,2,1,2,1,0,NA,0,NA,1,1,0,NA,3,0,NA,0,0,0,2,1,1,2,0,0,0,NA,0,NA,NA,30,0,52.78,52.78,71.43,71.43,40.56,40.56,46.79,46.79,0,0
"Georgia","GEO",NA,NA,"NAT_TOTAL",20200315,3,1,2,1,2,1,0,NA,0,NA,1,1,0,NA,3,0,NA,0,0,0,2,1,1,2,0,0,0,NA,0,NA,NA,33,0,52.78,52.78,71.43,71.43,40.56,40.56,46.79,46.79,0,0
"Georgia","GEO",NA,NA,"NAT_TOTAL",20200316,3,1,2,1,2,1,0,NA,0,NA,1,1,0,NA,3,0,NA,0,0,0,2,1,1,2,0,0,0,NA,0,NA,NA,33,0,52.78,52.78,71.43,71.43,40.56,40.56,46.79,46.79,0,0
"Georgia","GEO",NA,NA,"NAT_TOTAL",20200317,3,1,2,1,2,1,0,NA,0,NA,1,1,0,NA,3,0,NA,0,0,0,2,1,1,2,0,0,0,NA,0,NA,NA,34,0,52.78,52.78,71.43,71.43,40.56,40.56,46.79,46.79,0,0
"Georgia","GEO",NA,NA,"NAT_TOTAL",20200318,3,1,2,1,2,1,0,NA,0,NA,1,1,0,NA,4,0,NA,0,0,0,2,1,1,2,0,0,0,NA,0,NA,NA,38,0,55.56,55.56,75,75,42.22,42.22,48.72,48.72,0,0
"Georgia","GEO",NA,NA,"NAT_TOTAL",20200319,3,1,3,1,2,1,0,NA,0,NA,1,1,0,NA,4,0,NA,0,0,0,2,1,1,2,0,0,0,NA,0,NA,NA,40,0,59.26,59.26,78.57,78.57,44.44,44.44,51.28,51.28,0,0
"Georgia","GEO",NA,NA,"NAT_TOTAL",20200320,3,1,3,1,2,1,0,NA,0,NA,1,1,0,NA,4,0,NA,0,0,0,2,1,1,2,0,0,0,NA,0,NA,NA,43,0,59.26,59.26,78.57,78.57,44.44,44.44,51.28,51.28,0,0
"Georgia","GEO",NA,NA,"NAT_TOTAL",20200321,3,1,3,1,2,1,4,1,0,NA,1,1,0,NA,4,0,NA,0,0,0,2,1,1,2,0,0,0,NA,0,NA,NA,49,0,70.37,70.37,78.57,78.57,51.11,51.11,58.97,58.97,0,0
"Georgia","GEO",NA,NA,"NAT_TOTAL",20200322,3,1,3,1,2,1,4,1,0,NA,1,1,2,0,4,0,NA,0,0,0,2,1,1,2,0,0,0,NA,0,NA,NA,54,0,78.7,78.7,80.95,80.95,56.11,56.11,64.74,64.74,0,0
"Georgia","GEO",NA,NA,"NAT_TOTAL",20200323,3,1,3,1,2,1,4,1,2,0,2,0,2,0,4,0,NA,0,0,0,2,1,1,2,0,0,0,NA,0,NA,NA,61,0,88.89,88.89,90.48,90.48,62.22,62.22,71.79,71.79,0,0
"Georgia","GEO",NA,NA,"NAT_TOTAL",20200324,3,1,3,1,2,1,4,1,2,0,2,0,2,0,4,0,NA,0,0,0,2,1,1,2,0,0,0,NA,0,NA,NA,70,0,88.89,88.89,90.48,90.48,62.22,62.22,71.79,71.79,0,0
"Georgia","GEO",NA,NA,"NAT_TOTAL",20200325,3,1,3,1,2,1,4,1,2,0,2,0,2,0,4,0,NA,0,0,0,2,1,1,2,0,0,0,NA,0,NA,NA,75,0,88.89,88.89,90.48,90.48,62.22,62.22,71.79,71.79,0,0
"Georgia","GEO",NA,NA,"NAT_TOTAL",20200326,3,1,3,1,2,1,4,1,2,0,2,1,2,0,4,0,NA,0,0,0,2,1,1,2,0,0,0,NA,0,NA,NA,79,0,90.74,90.74,91.67,91.67,63.33,63.33,73.08,73.08,0,0
"Georgia","GEO",NA,NA,"NAT_TOTAL",20200327,3,1,3,1,2,1,4,1,2,0,2,1,2,0,4,0,NA,0,0,0,2,1,1,2,0,0,0,NA,0,NA,NA,83,0,90.74,90.74,91.67,91.67,63.33,63.33,73.08,73.08,0,0
"Georgia","GEO",NA,NA,"NAT_TOTAL",20200328,3,1,3,1,2,1,4,1,2,0,2,1,2,0,4,0,NA,0,0,0,2,1,1,2,0,0,0,NA,0,NA,NA,90,0,90.74,90.74,91.67,91.67,63.33,63.33,73.08,73.08,0,0
"Georgia","GEO",NA,NA,"NAT_TOTAL",20200329,3,1,3,1,2,1,4,1,2,0,2,1,2,0,4,0,NA,0,0,0,2,1,1,2,0,0,0,NA,0,NA,NA,91,0,90.74,90.74,91.67,91.67,63.33,63.33,73.08,73.08,0,0
"Georgia","GEO",NA,NA,"NAT_TOTAL",20200330,3,1,3,1,2,1,4,1,2,0,2,1,2,0,4,0,NA,0,0,0,2,1,1,2,0,0,0,NA,0,NA,NA,103,0,90.74,90.74,91.67,91.67,63.33,63.33,73.08,73.08,0,0
"Georgia","GEO",NA,NA,"NAT_TOTAL",20200331,3,1,3,1,2,1,4,1,2,1,3,1,2,1,4,0,NA,0,0,0,2,1,1,2,0,0,0,NA,0,NA,NA,110,0,100,100,100,100,68.89,68.89,79.49,79.49,0,0
"Georgia","GEO",NA,NA,"NAT_TOTAL",20200401,3,1,3,1,2,1,4,1,2,1,3,1,2,1,4,0,NA,0,622905958,0,2,1,2,2,109319946,0,0,NA,0,NA,NA,117,0,100,100,100,100,71.11,71.11,82.05,82.05,0,0
"Georgia","GEO",NA,NA,"NAT_TOTAL",20200402,3,1,3,1,2,1,4,1,2,1,3,1,2,1,4,0,NA,0,0,0,2,1,2,2,0,0,0,NA,0,NA,NA,134,0,100,100,100,100,71.11,71.11,82.05,82.05,0,0
"Georgia","GEO",NA,NA,"NAT_TOTAL",20200403,3,1,3,1,2,1,4,1,2,1,3,1,2,1,4,0,NA,0,0,0,2,1,2,2,0,0,0,NA,0,NA,NA,155,0,100,100,100,100,71.11,71.11,82.05,82.05,0,0
"Georgia","GEO",NA,NA,"NAT_TOTAL",20200404,3,1,3,1,2,1,4,1,2,1,3,1,2,1,4,0,NA,0,0,0,2,1,2,2,0,0,0,NA,0,NA,NA,162,1,100,100,100,100,71.11,71.11,82.05,82.05,0,0
"Georgia","GEO",NA,NA,"NAT_TOTAL",20200405,3,1,3,1,2,1,4,1,2,1,3,1,2,1,4,0,NA,0,0,0,2,1,2,2,0,0,0,NA,0,NA,NA,174,2,100,100,100,100,71.11,71.11,82.05,82.05,0,0
"Georgia","GEO",NA,NA,"NAT_TOTAL",20200406,3,1,3,1,2,1,4,1,2,1,3,1,2,1,4,0,NA,0,0,0,2,1,2,2,0,0,0,NA,0,NA,NA,188,2,100,100,100,100,71.11,71.11,82.05,82.05,0,0
"Georgia","GEO",NA,NA,"NAT_TOTAL",20200407,3,1,3,1,2,1,4,1,2,1,3,1,2,1,4,0,NA,0,0,0,2,1,2,2,0,0,0,NA,0,NA,NA,196,3,100,100,100,100,71.11,71.11,82.05,82.05,0,0
"Georgia","GEO",NA,NA,"NAT_TOTAL",20200408,3,1,3,1,2,1,4,1,2,1,3,1,2,1,4,0,NA,0,0,0,2,1,2,2,0,0,0,NA,0,NA,NA,211,3,100,100,100,100,71.11,71.11,82.05,82.05,0,0
"Georgia","GEO",NA,NA,"NAT_TOTAL",20200409,3,1,3,1,2,1,4,1,2,1,3,1,2,1,4,0,NA,0,0,0,2,1,2,2,0,0,0,NA,0,NA,NA,218,3,100,100,100,100,71.11,71.11,82.05,82.05,0,0
"Georgia","GEO",NA,NA,"NAT_TOTAL",20200410,3,1,3,1,2,1,4,1,2,1,3,1,2,1,4,0,NA,0,0,0,2,1,2,2,0,0,0,NA,0,NA,NA,234,3,100,100,100,100,71.11,71.11,82.05,82.05,0,0
"Georgia","GEO",NA,NA,"NAT_TOTAL",20200411,3,1,3,1,2,1,4,1,2,1,3,1,2,1,4,0,NA,0,0,0,2,1,2,2,0,0,0,NA,0,NA,NA,242,3,100,100,100,100,71.11,71.11,82.05,82.05,0,0
"Georgia","GEO",NA,NA,"NAT_TOTAL",20200412,3,1,3,1,2,1,4,1,2,1,3,1,2,1,4,0,NA,0,0,0,2,1,2,2,0,0,0,NA,0,NA,NA,257,3,100,100,100,100,71.11,71.11,82.05,82.05,0,0
"Georgia","GEO",NA,NA,"NAT_TOTAL",20200413,3,1,3,1,2,1,4,1,2,1,3,1,2,1,4,0,NA,0,0,0,2,1,2,2,0,0,0,NA,0,NA,NA,272,3,100,100,100,100,71.11,71.11,82.05,82.05,0,0
"Georgia","GEO",NA,NA,"NAT_TOTAL",20200414,3,1,3,1,2,1,4,1,2,1,3,1,2,1,4,0,NA,0,0,0,2,1,2,2,0,0,0,NA,0,NA,NA,300,3,100,100,100,100,71.11,71.11,82.05,82.05,0,0
"Georgia","GEO",NA,NA,"NAT_TOTAL",20200415,3,1,3,1,2,1,4,1,2,1,3,1,2,1,4,0,NA,0,0,0,2,1,2,2,0,0,0,NA,0,NA,NA,306,3,100,100,100,100,71.11,71.11,82.05,82.05,0,0
"Georgia","GEO",NA,NA,"NAT_TOTAL",20200416,3,1,3,1,2,1,4,1,2,1,3,1,2,1,4,0,NA,0,0,0,2,1,2,2,0,0,0,NA,0,NA,NA,348,3,100,100,100,100,71.11,71.11,82.05,82.05,0,0
"Georgia","GEO",NA,NA,"NAT_TOTAL",20200417,3,1,3,1,2,1,4,1,2,1,3,1,2,1,4,0,NA,0,0,0,2,1,2,2,0,0,2,1,0,NA,NA,370,3,100,100,100,100,74.44,74.44,85.9,85.9,0,0
"Georgia","GEO",NA,NA,"NAT_TOTAL",20200418,3,1,3,1,2,1,4,1,2,1,3,1,2,1,4,0,NA,0,0,0,2,1,2,2,0,0,2,1,0,NA,NA,388,4,100,100,100,100,74.44,74.44,85.9,85.9,0,0
"Georgia","GEO",NA,NA,"NAT_TOTAL",20200419,3,1,3,1,2,1,4,1,2,1,3,1,2,1,4,0,NA,0,0,0,2,1,2,2,0,0,2,1,0,NA,NA,394,4,100,100,100,100,74.44,74.44,85.9,85.9,0,0
"Georgia","GEO",NA,NA,"NAT_TOTAL",20200420,3,1,3,1,2,1,4,1,2,1,3,1,2,1,4,0,NA,0,0,0,2,1,2,2,0,0,2,1,0,NA,NA,402,4,100,100,100,100,74.44,74.44,85.9,85.9,0,0
"Georgia","GEO",NA,NA,"NAT_TOTAL",20200421,3,1,3,1,2,1,4,1,2,1,3,1,2,1,4,0,NA,0,0,0,2,1,2,2,0,0,2,1,0,NA,NA,408,4,100,100,100,100,74.44,74.44,85.9,85.9,0,0
"Georgia","GEO",NA,NA,"NAT_TOTAL",20200422,3,1,3,1,2,1,4,1,2,1,3,1,2,1,4,0,NA,0,0,0,2,1,2,2,0,0,2,1,0,NA,NA,416,5,100,100,100,100,74.44,74.44,85.9,85.9,0,0
"Georgia","GEO",NA,NA,"NAT_TOTAL",20200423,3,1,3,1,2,1,4,1,2,1,3,1,2,1,4,0,NA,0,0,0,2,1,2,2,0,0,2,1,0,NA,NA,425,5,100,100,100,100,74.44,74.44,85.9,85.9,0,0
"Georgia","GEO",NA,NA,"NAT_TOTAL",20200424,3,1,3,1,2,1,4,1,2,1,3,1,2,1,4,1,0,1,1090441288,0,2,1,2,2,109012285,0,2,1,0,NA,NA,444,5,100,100,100,100,79.44,79.44,85.9,85.9,37.5,37.5
"Georgia","GEO",NA,NA,"NAT_TOTAL",20200425,3,1,3,1,2,1,4,1,2,1,3,1,2,1,4,1,0,1,0,0,2,1,2,2,0,0,2,1,0,NA,NA,456,5,100,100,100,100,79.44,79.44,85.9,85.9,37.5,37.5
"Georgia","GEO",NA,NA,"NAT_TOTAL",20200426,3,1,3,1,2,1,4,1,2,1,3,1,2,1,4,1,0,1,0,0,2,1,2,2,0,0,2,1,0,NA,NA,486,6,100,100,100,100,79.44,79.44,85.9,85.9,37.5,37.5
"Georgia","GEO",NA,NA,"NAT_TOTAL",20200427,3,1,2,1,2,1,4,1,2,1,3,1,2,1,4,1,0,1,0,0,2,1,2,2,0,0,2,1,0,NA,NA,497,6,96.3,96.3,96.43,96.43,77.22,77.22,83.33,83.33,37.5,37.5
"Georgia","GEO",NA,NA,"NAT_TOTAL",20200428,3,1,2,1,2,1,4,1,2,1,3,1,2,1,4,1,0,1,0,0,2,1,2,2,0,0,2,1,0,NA,NA,511,6,96.3,96.3,96.43,96.43,77.22,77.22,83.33,83.33,37.5,37.5
"Georgia","GEO",NA,NA,"NAT_TOTAL",20200429,3,1,2,1,2,1,4,1,2,1,3,1,2,1,4,1,0,1,0,0,2,1,2,2,0,0,2,1,0,NA,NA,517,6,96.3,96.3,96.43,96.43,77.22,77.22,83.33,83.33,37.5,37.5
"Georgia","GEO",NA,NA,"NAT_TOTAL",20200430,3,1,2,1,2,1,4,1,2,1,3,1,2,1,4,1,0,1,0,0,2,1,2,2,0,0,2,1,0,NA,NA,539,6,96.3,96.3,96.43,96.43,77.22,77.22,83.33,83.33,37.5,37.5
"Georgia","GEO",NA,NA,"NAT_TOTAL",20200501,3,1,2,1,2,1,4,1,2,1,3,1,2,1,4,1,0,1,0,0,2,1,2,2,0,0,2,1,0,NA,NA,566,7,96.3,96.3,96.43,96.43,77.22,77.22,83.33,83.33,37.5,37.5
"Georgia","GEO",NA,NA,"NAT_TOTAL",20200502,3,1,2,1,2,1,4,1,2,1,3,1,2,1,4,1,0,1,0,0,2,1,2,2,0,0,2,1,0,NA,NA,582,8,96.3,96.3,96.43,96.43,77.22,77.22,83.33,83.33,37.5,37.5
"Georgia","GEO",NA,NA,"NAT_TOTAL",20200503,3,1,2,1,2,1,4,1,2,1,3,1,2,1,4,1,0,1,0,0,2,1,2,2,0,0,2,1,0,NA,NA,589,9,96.3,96.3,96.43,96.43,77.22,77.22,83.33,83.33,37.5,37.5
"Georgia","GEO",NA,NA,"NAT_TOTAL",20200504,3,1,2,1,2,1,4,1,2,1,3,1,2,1,4,1,0,1,0,0,2,1,2,2,0,0,2,1,0,NA,NA,593,9,96.3,96.3,96.43,96.43,77.22,77.22,83.33,83.33,37.5,37.5
"Georgia","GEO",NA,NA,"NAT_TOTAL",20200505,3,1,2,1,2,1,4,1,2,1,3,1,2,1,4,1,0,1,0,0,2,1,2,2,0,0,2,1,0,NA,NA,604,9,96.3,96.3,96.43,96.43,77.22,77.22,83.33,83.33,37.5,37.5
"Georgia","GEO",NA,NA,"NAT_TOTAL",20200506,3,1,2,1,2,1,4,1,2,1,3,1,2,1,4,1,0,1,0,0,2,1,2,2,0,0,2,1,0,NA,NA,610,9,96.3,96.3,96.43,96.43,77.22,77.22,83.33,83.33,37.5,37.5
"Georgia","GEO",NA,NA,"NAT_TOTAL",20200507,3,1,2,1,2,1,4,1,2,1,3,1,2,1,4,1,0,1,0,0,2,1,2,2,0,0,2,1,0,NA,NA,615,9,96.3,96.3,96.43,96.43,77.22,77.22,83.33,83.33,37.5,37.5
"Georgia","GEO",NA,NA,"NAT_TOTAL",20200508,3,1,2,1,2,1,4,1,2,1,3,1,2,1,4,1,0,1,0,0,2,1,2,2,0,0,2,1,0,NA,NA,623,10,96.3,96.3,96.43,96.43,77.22,77.22,83.33,83.33,37.5,37.5
"Georgia","GEO",NA,NA,"NAT_TOTAL",20200509,3,1,2,1,2,1,4,1,2,1,3,1,2,1,4,1,0,1,0,0,2,1,2,2,0,0,2,1,0,NA,NA,626,10,96.3,96.3,96.43,96.43,77.22,77.22,83.33,83.33,37.5,37.5
"Georgia","GEO",NA,NA,"NAT_TOTAL",20200510,3,1,2,1,2,1,4,1,2,1,3,1,2,1,4,1,0,1,0,0,2,1,2,2,0,0,2,1,0,NA,NA,635,10,96.3,96.3,96.43,96.43,77.22,77.22,83.33,83.33,37.5,37.5
"Georgia","GEO",NA,NA,"NAT_TOTAL",20200511,3,1,2,1,2,1,4,1,2,1,3,1,2,1,4,1,0,1,0,0,2,1,2,2,0,0,2,1,0,NA,NA,638,11,96.3,96.3,96.43,96.43,77.22,77.22,83.33,83.33,37.5,37.5
"Georgia","GEO",NA,NA,"NAT_TOTAL",20200512,3,1,2,1,2,1,4,1,2,1,3,1,2,1,4,1,0,1,0,0,2,1,2,2,0,0,2,1,0,NA,NA,642,11,96.3,96.3,96.43,96.43,77.22,77.22,83.33,83.33,37.5,37.5
"Georgia","GEO",NA,NA,"NAT_TOTAL",20200513,3,1,2,1,2,1,4,1,2,1,3,1,2,1,4,1,0,1,0,0,2,1,2,2,0,0,2,1,0,NA,NA,647,11,96.3,96.3,96.43,96.43,77.22,77.22,83.33,83.33,37.5,37.5
"Georgia","GEO",NA,NA,"NAT_TOTAL",20200514,3,1,2,1,2,1,4,1,2,1,3,1,2,1,4,1,0,1,0,0,2,1,2,2,0,0,2,1,0,NA,NA,667,12,96.3,96.3,96.43,96.43,77.22,77.22,83.33,83.33,37.5,37.5
"Georgia","GEO",NA,NA,"NAT_TOTAL",20200515,3,1,2,1,2,1,4,1,2,1,3,1,2,1,4,1,0,1,0,0,2,1,2,2,0,0,2,1,0,NA,NA,671,12,96.3,96.3,96.43,96.43,77.22,77.22,83.33,83.33,37.5,37.5
"Georgia","GEO",NA,NA,"NAT_TOTAL",20200516,3,1,2,1,2,1,4,1,2,1,3,1,2,1,4,1,0,1,0,0,2,1,2,2,0,0,2,1,0,NA,NA,683,12,96.3,96.3,96.43,96.43,77.22,77.22,83.33,83.33,37.5,37.5
"Georgia","GEO",NA,NA,"NAT_TOTAL",20200517,3,1,2,1,2,1,4,1,2,1,3,1,2,1,4,1,0,1,0,0,2,1,2,2,0,0,2,1,0,NA,NA,695,12,96.3,96.3,96.43,96.43,77.22,77.22,83.33,83.33,37.5,37.5
"Georgia","GEO",NA,NA,"NAT_TOTAL",20200518,3,1,2,1,2,1,4,1,2,1,3,1,2,1,4,1,0,1,0,0,2,1,2,2,0,0,2,1,0,NA,NA,701,12,96.3,96.3,96.43,96.43,77.22,77.22,83.33,83.33,37.5,37.5
"Georgia","GEO",NA,NA,"NAT_TOTAL",20200519,3,1,2,1,2,1,4,1,2,1,3,1,2,1,4,1,0,1,0,0,2,1,2,2,0,0,2,1,0,NA,NA,707,12,96.3,96.3,96.43,96.43,77.22,77.22,83.33,83.33,37.5,37.5
"Georgia","GEO",NA,NA,"NAT_TOTAL",20200520,3,1,2,1,2,1,4,1,2,1,3,1,2,1,4,1,0,1,0,0,2,1,2,2,0,0,2,1,0,NA,NA,713,12,96.3,96.3,96.43,96.43,77.22,77.22,83.33,83.33,37.5,37.5
"Georgia","GEO",NA,NA,"NAT_TOTAL",20200521,3,1,2,1,2,1,4,1,2,1,3,1,2,1,4,1,0,1,0,0,2,1,2,2,0,0,2,1,0,NA,NA,721,12,96.3,96.3,96.43,96.43,77.22,77.22,83.33,83.33,37.5,37.5
"Georgia","GEO",NA,NA,"NAT_TOTAL",20200522,3,1,2,1,2,1,4,1,2,1,3,1,2,1,4,1,0,1,0,0,2,1,2,2,0,0,2,1,0,NA,NA,723,12,96.3,96.3,96.43,96.43,77.22,77.22,83.33,83.33,37.5,37.5
"Georgia","GEO",NA,NA,"NAT_TOTAL",20200523,3,0,2,1,2,1,3,1,2,1,1,1,2,1,4,1,0,1,0,0,2,1,2,2,0,0,2,1,0,NA,NA,728,12,84.26,84.26,92.86,92.86,70,70,75,75,37.5,37.5
"Georgia","GEO",NA,NA,"NAT_TOTAL",20200524,3,0,2,1,2,1,3,1,2,1,1,1,2,1,4,1,0,1,0,0,2,1,2,2,0,0,2,1,0,NA,NA,730,12,84.26,84.26,92.86,92.86,70,70,75,75,37.5,37.5
"Georgia","GEO",NA,NA,"NAT_TOTAL",20200525,3,0,2,1,2,1,3,1,2,1,1,1,2,1,4,1,0,1,0,0,2,1,2,2,0,0,2,1,0,NA,NA,731,12,84.26,84.26,92.86,92.86,70,70,75,75,37.5,37.5
"Georgia","GEO",NA,NA,"NAT_TOTAL",20200526,3,0,2,1,2,1,3,1,2,1,1,1,2,1,4,1,0,1,0,0,2,1,2,2,0,0,2,1,0,NA,NA,732,12,84.26,84.26,92.86,92.86,70,70,75,75,37.5,37.5
"Georgia","GEO",NA,NA,"NAT_TOTAL",20200527,3,0,2,1,2,1,3,1,2,1,1,1,2,1,4,1,0,1,0,0,2,1,2,2,0,0,2,1,0,NA,NA,735,12,84.26,84.26,92.86,92.86,70,70,75,75,37.5,37.5
"Georgia","GEO",NA,NA,"NAT_TOTAL",20200528,3,0,2,1,2,1,3,1,2,1,1,1,2,1,4,1,0,1,0,0,2,1,2,2,0,0,2,1,0,NA,NA,738,12,84.26,84.26,92.86,92.86,70,70,75,75,37.5,37.5
"Georgia","GEO",NA,NA,"NAT_TOTAL",20200529,3,0,2,1,2,1,3,1,0,NA,2,0,1,1,4,1,0,1,0,0,2,1,2,2,0,0,2,1,0,NA,NA,746,12,69.44,69.44,73.81,73.81,61.11,61.11,64.74,64.74,37.5,37.5
"Georgia","GEO",NA,NA,"NAT_TOTAL",20200530,3,0,2,1,2,1,3,1,0,NA,2,0,1,1,4,1,0,1,0,0,2,1,2,2,0,0,2,1,0,NA,NA,757,12,69.44,69.44,73.81,73.81,61.11,61.11,64.74,64.74,37.5,37.5
"Georgia","GEO",NA,NA,"NAT_TOTAL",20200531,3,0,2,1,2,1,3,1,0,NA,2,0,1,1,4,1,0,1,0,0,2,1,2,2,0,0,2,1,0,NA,NA,783,12,69.44,69.44,73.81,73.81,61.11,61.11,64.74,64.74,37.5,37.5
"Georgia","GEO",NA,NA,"NAT_TOTAL",20200601,3,0,2,1,2,1,3,1,0,NA,2,0,1,1,4,1,0,1,0,0,2,1,2,2,0,0,2,1,0,NA,NA,794,12,69.44,69.44,73.81,73.81,61.11,61.11,64.74,64.74,37.5,37.5
"Georgia","GEO",NA,NA,"NAT_TOTAL",20200602,3,0,2,1,2,1,3,1,0,NA,2,0,1,1,4,1,0,1,0,0,2,1,2,2,0,0,2,1,0,NA,NA,796,13,69.44,69.44,73.81,73.81,61.11,61.11,64.74,64.74,37.5,37.5
"Georgia","GEO",NA,NA,"NAT_TOTAL",20200603,3,0,2,1,2,1,3,1,0,NA,2,0,1,1,4,1,0,1,0,0,2,1,2,2,0,0,2,1,0,NA,NA,800,13,69.44,69.44,73.81,73.81,61.11,61.11,64.74,64.74,37.5,37.5
"Georgia","GEO",NA,NA,"NAT_TOTAL",20200604,3,0,2,1,2,1,3,1,0,NA,2,0,1,1,4,1,0,1,0,0,2,1,2,2,0,0,2,1,0,NA,NA,801,13,69.44,69.44,73.81,73.81,61.11,61.11,64.74,64.74,37.5,37.5
"Georgia","GEO",NA,NA,"NAT_TOTAL",20200605,3,0,2,1,2,1,3,1,0,NA,2,0,1,1,4,1,0,1,0,0,2,1,2,2,0,0,2,1,0,NA,NA,805,13,69.44,69.44,73.81,73.81,61.11,61.11,64.74,64.74,37.5,37.5
"Georgia","GEO",NA,NA,"NAT_TOTAL",20200606,3,0,2,1,2,1,3,1,0,NA,2,0,1,1,4,1,0,1,0,0,2,1,2,2,0,0,2,1,0,NA,NA,808,13,69.44,69.44,73.81,73.81,61.11,61.11,64.74,64.74,37.5,37.5
"Georgia","GEO",NA,NA,"NAT_TOTAL",20200607,3,0,2,1,2,1,3,1,0,NA,2,0,1,1,4,1,0,1,0,0,2,1,2,2,0,0,2,1,0,NA,NA,809,13,69.44,69.44,73.81,73.81,61.11,61.11,64.74,64.74,37.5,37.5
"Georgia","GEO",NA,NA,"NAT_TOTAL",20200608,3,0,2,1,2,1,3,1,0,NA,2,0,1,1,4,1,0,1,0,0,2,1,2,2,0,0,2,1,0,NA,NA,812,13,69.44,69.44,73.81,73.81,61.11,61.11,64.74,64.74,37.5,37.5
"Georgia","GEO",NA,NA,"NAT_TOTAL",20200609,3,0,2,1,2,1,3,1,0,NA,2,0,1,1,4,1,0,1,0,0,2,1,2,2,0,0,2,1,0,NA,NA,818,13,69.44,69.44,73.81,73.81,61.11,61.11,64.74,64.74,37.5,37.5
"Georgia","GEO",NA,NA,"NAT_TOTAL",20200610,3,0,2,1,2,1,3,1,0,NA,2,0,1,1,4,1,0,1,0,0,2,1,2,2,0,0,2,1,0,NA,NA,827,13,69.44,69.44,73.81,73.81,61.11,61.11,64.74,64.74,37.5,37.5
"Georgia","GEO",NA,NA,"NAT_TOTAL",20200611,3,0,2,1,2,1,3,1,0,NA,2,0,1,1,4,1,0,1,0,0,2,1,2,2,0,0,2,1,0,NA,NA,831,13,69.44,69.44,73.81,73.81,61.11,61.11,64.74,64.74,37.5,37.5
"Georgia","GEO",NA,NA,"NAT_TOTAL",20200612,3,0,2,1,2,1,3,1,0,NA,2,0,1,1,4,1,0,1,0,0,2,1,2,2,0,0,2,1,0,NA,NA,843,13,69.44,69.44,73.81,73.81,61.11,61.11,64.74,64.74,37.5,37.5
"Georgia","GEO",NA,NA,"NAT_TOTAL",20200613,3,0,2,1,2,1,3,1,0,NA,2,0,1,1,4,1,0,1,0,0,2,1,2,2,0,0,2,1,0,NA,NA,851,14,69.44,69.44,73.81,73.81,61.11,61.11,64.74,64.74,37.5,37.5
"Georgia","GEO",NA,NA,"NAT_TOTAL",20200614,3,0,2,1,2,1,3,1,0,NA,2,0,1,1,4,1,0,1,0,0,2,1,2,2,0,0,2,1,0,NA,NA,864,14,69.44,69.44,73.81,73.81,61.11,61.11,64.74,64.74,37.5,37.5
"Georgia","GEO",NA,NA,"NAT_TOTAL",20200615,3,0,2,0,2,1,3,1,0,NA,1,0,0,NA,4,1,0,1,0,0,2,1,2,2,0,0,2,1,0,NA,NA,879,14,58.33,58.33,64.29,64.29,54.44,54.44,57.05,57.05,37.5,37.5
"Georgia","GEO",NA,NA,"NAT_TOTAL",20200616,3,0,2,0,2,1,3,1,0,NA,1,0,0,NA,4,1,0,1,0,0,2,1,2,2,0,0,2,1,0,NA,NA,879,14,58.33,58.33,64.29,64.29,54.44,54.44,57.05,57.05,37.5,37.5
"Georgia","GEO",NA,NA,"NAT_TOTAL",20200617,3,0,2,0,2,1,3,1,0,NA,1,0,0,NA,4,1,0,1,0,0,2,1,2,2,0,0,2,1,0,NA,NA,888,14,58.33,58.33,64.29,64.29,54.44,54.44,57.05,57.05,37.5,37.5
"Georgia","GEO",NA,NA,"NAT_TOTAL",20200618,3,0,2,0,2,1,3,1,0,NA,1,0,0,NA,4,1,0,1,0,0,2,1,2,2,0,0,2,1,0,NA,NA,893,14,58.33,58.33,64.29,64.29,54.44,54.44,57.05,57.05,37.5,37.5
"Georgia","GEO",NA,NA,"NAT_TOTAL",20200619,3,0,2,0,2,0,3,1,0,NA,1,0,0,NA,4,1,0,1,0,0,2,1,2,2,0,0,2,1,0,NA,NA,896,14,55.56,55.56,61.43,61.43,52.78,52.78,55.13,55.13,37.5,37.5
"Georgia","GEO",NA,NA,"NAT_TOTAL",20200620,3,0,2,0,2,0,3,1,0,NA,1,0,0,NA,4,1,0,1,0,0,2,1,2,2,0,0,2,1,0,NA,NA,898,14,55.56,55.56,61.43,61.43,52.78,52.78,55.13,55.13,37.5,37.5
"Georgia","GEO",NA,NA,"NAT_TOTAL",20200621,3,0,2,0,2,0,3,1,0,NA,1,0,0,NA,4,1,0,1,0,0,2,1,2,2,0,0,2,1,0,NA,NA,906,14,55.56,55.56,61.43,61.43,52.78,52.78,55.13,55.13,37.5,37.5
"Georgia","GEO",NA,NA,"NAT_TOTAL",20200622,3,0,2,0,2,0,3,1,0,NA,1,0,0,NA,4,1,0,1,0,0,2,1,2,2,0,0,2,1,0,NA,NA,908,14,55.56,55.56,61.43,61.43,52.78,52.78,55.13,55.13,37.5,37.5
"Georgia","GEO",NA,NA,"NAT_TOTAL",20200623,3,0,2,0,2,0,3,1,0,NA,1,0,0,NA,4,1,0,1,0,0,2,1,2,2,0,0,2,1,0,NA,NA,911,14,55.56,55.56,61.43,61.43,52.78,52.78,55.13,55.13,37.5,37.5
"Georgia","GEO",NA,NA,"NAT_TOTAL",20200624,3,0,2,0,2,0,3,1,0,NA,1,0,0,NA,4,1,0,1,NA,0,2,1,2,2,156630000,0,2,1,0,NA,NA,914,14,55.56,55.56,61.43,61.43,52.78,52.78,55.13,55.13,37.5,37.5
"Georgia","GEO",NA,NA,"NAT_TOTAL",20200625,3,0,2,0,2,0,3,1,0,NA,1,0,0,NA,4,1,0,1,0,0,2,1,2,2,0,0,2,1,0,NA,NA,917,14,55.56,55.56,61.43,61.43,52.78,52.78,55.13,55.13,37.5,37.5
"Georgia","GEO",NA,NA,"NAT_TOTAL",20200626,3,0,2,0,2,0,3,1,0,NA,1,0,0,NA,4,1,0,1,0,0,2,1,2,2,0,0,2,1,0,NA,NA,919,14,55.56,55.56,61.43,61.43,52.78,52.78,55.13,55.13,37.5,37.5
"Georgia","GEO",NA,NA,"NAT_TOTAL",20200627,3,0,2,0,2,0,3,1,0,NA,1,0,0,NA,4,1,0,1,0,0,2,1,2,2,0,0,2,1,0,NA,NA,921,14,55.56,55.56,61.43,61.43,52.78,52.78,55.13,55.13,37.5,37.5
"Georgia","GEO",NA,NA,"NAT_TOTAL",20200628,3,0,2,0,2,0,3,1,0,NA,1,0,0,NA,4,1,0,1,0,0,2,1,2,2,0,0,2,1,0,NA,NA,924,15,55.56,55.56,61.43,61.43,52.78,52.78,55.13,55.13,37.5,37.5
"Georgia","GEO",NA,NA,"NAT_TOTAL",20200629,3,0,2,0,2,0,3,1,0,NA,1,0,0,NA,4,1,0,1,0,0,2,1,2,2,0,0,2,1,0,NA,NA,926,15,55.56,55.56,61.43,61.43,52.78,52.78,55.13,55.13,37.5,37.5
"Georgia","GEO",NA,NA,"NAT_TOTAL",20200630,3,0,2,0,2,0,4,1,0,NA,1,0,0,NA,4,1,0,1,0,0,2,1,2,2,0,0,2,1,0,NA,NA,928,15,58.33,58.33,64.29,64.29,54.44,54.44,57.05,57.05,37.5,37.5
"Georgia","GEO",NA,NA,"NAT_TOTAL",20200701,3,0,2,0,2,0,4,1,0,NA,1,0,0,NA,4,1,0,1,0,0,2,1,2,2,0,0,2,1,0,NA,NA,931,15,58.33,58.33,64.29,64.29,54.44,54.44,57.05,57.05,37.5,37.5
"Georgia","GEO",NA,NA,"NAT_TOTAL",20200702,3,0,2,0,2,0,4,1,0,NA,1,0,0,NA,4,1,0,1,0,0,2,1,2,2,0,0,2,1,0,NA,NA,939,15,58.33,58.33,64.29,64.29,54.44,54.44,57.05,57.05,37.5,37.5
"Georgia","GEO",NA,NA,"NAT_TOTAL",20200703,3,0,2,0,2,0,4,1,0,NA,1,0,0,NA,4,1,0,1,0,0,2,1,2,2,0,0,2,1,0,NA,NA,943,15,58.33,58.33,64.29,64.29,54.44,54.44,57.05,57.05,37.5,37.5
"Georgia","GEO",NA,NA,"NAT_TOTAL",20200704,3,0,2,0,2,0,4,1,0,NA,1,0,0,NA,4,1,0,1,0,0,2,1,2,2,0,0,2,1,0,NA,NA,948,15,58.33,58.33,64.29,64.29,54.44,54.44,57.05,57.05,37.5,37.5
"Georgia","GEO",NA,NA,"NAT_TOTAL",20200705,3,0,2,0,2,0,4,1,0,NA,1,0,0,NA,4,1,0,1,0,0,2,1,2,2,0,0,2,1,0,NA,NA,951,15,58.33,58.33,64.29,64.29,54.44,54.44,57.05,57.05,37.5,37.5
"Georgia","GEO",NA,NA,"NAT_TOTAL",20200706,3,0,2,0,2,0,4,1,0,NA,1,0,0,NA,4,1,0,1,0,0,2,1,2,2,0,0,2,1,0,NA,NA,953,15,58.33,58.33,64.29,64.29,54.44,54.44,57.05,57.05,37.5,37.5
"Georgia","GEO",NA,NA,"NAT_TOTAL",20200707,3,0,2,0,2,0,4,1,0,NA,1,0,0,NA,4,1,0,1,0,0,2,1,2,2,0,0,2,1,0,NA,NA,958,15,58.33,58.33,64.29,64.29,54.44,54.44,57.05,57.05,37.5,37.5
"Georgia","GEO",NA,NA,"NAT_TOTAL",20200708,3,0,2,0,2,0,4,1,0,NA,1,0,0,NA,4,1,0,1,0,0,2,1,2,2,0,0,2,1,0,NA,NA,963,15,58.33,58.33,64.29,64.29,54.44,54.44,57.05,57.05,37.5,37.5
"Georgia","GEO",NA,NA,"NAT_TOTAL",20200709,3,0,2,0,2,0,4,1,0,NA,1,0,0,NA,4,1,0,1,0,0,2,1,2,2,0,0,2,1,0,NA,NA,968,15,58.33,58.33,64.29,64.29,54.44,54.44,57.05,57.05,37.5,37.5
"Georgia","GEO",NA,NA,"NAT_TOTAL",20200710,3,0,2,1,1,1,4,1,0,NA,1,0,1,0,3,1,0,1,0,0,2,1,2,2,0,0,2,1,0,NA,NA,973,15,57.41,57.41,65.48,65.48,53.89,53.89,56.41,56.41,37.5,37.5
"Georgia","GEO",NA,NA,"NAT_TOTAL",20200711,3,0,2,1,1,1,4,1,0,NA,1,0,1,0,3,1,0,1,0,0,2,1,2,2,0,0,2,1,0,NA,NA,981,15,57.41,57.41,65.48,65.48,53.89,53.89,56.41,56.41,37.5,37.5
"Georgia","GEO",NA,NA,"NAT_TOTAL",20200712,3,0,2,1,1,1,4,1,0,NA,1,0,1,0,3,1,0,1,0,0,2,1,2,2,0,0,2,1,0,NA,NA,986,15,57.41,57.41,65.48,65.48,53.89,53.89,56.41,56.41,37.5,37.5
"Georgia","GEO",NA,NA,"NAT_TOTAL",20200713,3,0,2,1,1,1,2,1,0,NA,1,0,1,0,3,1,0,1,0,0,2,1,2,2,0,0,2,1,0,NA,NA,995,15,51.85,51.85,60.71,60.71,50.56,50.56,52.56,52.56,37.5,37.5
"Georgia","GEO",NA,NA,"NAT_TOTAL",20200714,3,0,2,1,1,1,2,1,0,NA,1,0,1,0,3,1,0,1,0,0,2,1,2,2,0,0,2,1,0,NA,NA,999,15,51.85,51.85,60.71,60.71,50.56,50.56,52.56,52.56,37.5,37.5
"Georgia","GEO",NA,NA,"NAT_TOTAL",20200715,3,0,2,1,1,1,2,1,0,NA,1,0,1,0,3,1,0,1,0,0,2,1,2,2,0,0,2,1,0,NA,NA,1004,15,51.85,51.85,60.71,60.71,50.56,50.56,52.56,52.56,37.5,37.5
"Georgia","GEO",NA,NA,"NAT_TOTAL",20200716,3,0,2,1,1,1,2,1,0,NA,1,0,1,0,3,1,0,1,0,0,2,1,2,2,0,0,2,1,0,NA,NA,1006,15,51.85,51.85,60.71,60.71,50.56,50.56,52.56,52.56,37.5,37.5
"Georgia","GEO",NA,NA,"NAT_TOTAL",20200717,3,0,2,1,1,1,2,1,0,NA,1,0,1,0,3,1,0,1,0,0,2,1,2,2,0,0,2,1,0,NA,NA,1010,15,51.85,51.85,60.71,60.71,50.56,50.56,52.56,52.56,37.5,37.5
"Georgia","GEO",NA,NA,"NAT_TOTAL",20200718,3,0,2,1,1,1,2,1,0,NA,1,0,1,0,3,1,0,1,0,0,2,1,2,2,0,0,2,1,0,NA,NA,1018,15,51.85,51.85,60.71,60.71,50.56,50.56,52.56,52.56,37.5,37.5
"Georgia","GEO",NA,NA,"NAT_TOTAL",20200719,3,0,2,1,1,1,2,1,0,NA,1,0,1,0,3,1,0,1,0,0,2,1,2,2,0,0,2,1,0,NA,NA,1028,15,51.85,51.85,60.71,60.71,50.56,50.56,52.56,52.56,37.5,37.5
"Georgia","GEO",NA,NA,"NAT_TOTAL",20200720,3,0,2,1,1,1,2,1,0,NA,1,0,1,0,3,1,0,1,0,0,2,1,2,2,0,0,2,1,0,NA,NA,1039,16,51.85,51.85,60.71,60.71,50.56,50.56,52.56,52.56,37.5,37.5
"Georgia","GEO",NA,NA,"NAT_TOTAL",20200721,3,0,2,1,1,1,2,1,0,NA,1,0,1,0,3,1,0,1,0,0,2,1,2,2,0,0,2,1,0,NA,NA,1049,16,51.85,51.85,60.71,60.71,50.56,50.56,52.56,52.56,37.5,37.5
"Georgia","GEO",NA,NA,"NAT_TOTAL",20200722,3,0,2,1,1,1,2,1,0,NA,1,0,1,0,3,1,0,1,0,0,2,1,2,2,0,0,2,1,0,NA,NA,1073,16,51.85,51.85,60.71,60.71,50.56,50.56,52.56,52.56,37.5,37.5
"Georgia","GEO",NA,NA,"NAT_TOTAL",20200723,3,0,2,1,1,1,2,1,0,NA,1,0,1,0,3,1,0,1,0,0,2,1,2,2,0,0,2,1,0,NA,NA,1085,16,51.85,51.85,60.71,60.71,50.56,50.56,52.56,52.56,37.5,37.5
"Georgia","GEO",NA,NA,"NAT_TOTAL",20200724,3,0,2,1,1,1,2,1,0,NA,1,0,1,0,3,1,0,1,0,0,2,1,2,2,0,0,2,1,0,NA,NA,1104,16,51.85,51.85,60.71,60.71,50.56,50.56,52.56,52.56,37.5,37.5
"Georgia","GEO",NA,NA,"NAT_TOTAL",20200725,3,0,2,1,1,1,2,1,0,NA,1,0,1,0,3,1,0,1,0,0,2,1,2,2,0,0,2,1,0,NA,NA,1117,16,51.85,51.85,60.71,60.71,50.56,50.56,52.56,52.56,37.5,37.5
"Georgia","GEO",NA,NA,"NAT_TOTAL",20200726,3,0,2,1,1,1,2,1,0,NA,1,0,1,0,3,1,0,1,0,0,2,1,2,2,0,0,2,1,0,NA,NA,1131,16,51.85,51.85,60.71,60.71,50.56,50.56,52.56,52.56,37.5,37.5
"Georgia","GEO",NA,NA,"NAT_TOTAL",20200727,3,0,2,1,1,1,2,1,0,NA,1,0,1,0,3,1,0,1,0,0,2,1,2,2,0,0,2,1,0,NA,NA,1137,16,51.85,51.85,60.71,60.71,50.56,50.56,52.56,52.56,37.5,37.5
"Georgia","GEO",NA,NA,"NAT_TOTAL",20200728,3,0,2,1,1,1,2,1,0,NA,1,0,1,0,3,1,0,1,0,0,2,1,2,2,0,0,2,1,0,NA,NA,1145,16,51.85,51.85,60.71,60.71,50.56,50.56,52.56,52.56,37.5,37.5
"Georgia","GEO",NA,NA,"NAT_TOTAL",20200729,3,0,2,1,1,1,2,1,0,NA,1,0,1,0,3,1,0,1,0,0,2,1,2,2,0,0,2,1,0,NA,NA,1155,17,51.85,51.85,60.71,60.71,50.56,50.56,52.56,52.56,37.5,37.5
"Georgia","GEO",NA,NA,"NAT_TOTAL",20200730,3,0,2,1,1,1,2,1,0,NA,1,0,1,0,3,1,0,1,0,0,2,1,2,2,0,0,2,1,0,NA,NA,1160,17,51.85,51.85,60.71,60.71,50.56,50.56,52.56,52.56,37.5,37.5
"Georgia","GEO",NA,NA,"NAT_TOTAL",20200731,3,0,2,1,1,1,2,1,0,NA,1,0,1,0,3,1,0,1,0,0,2,1,2,2,0,0,2,1,0,NA,NA,1168,17,51.85,51.85,60.71,60.71,50.56,50.56,52.56,52.56,37.5,37.5
"Georgia","GEO",NA,NA,"NAT_TOTAL",20200801,3,0,2,1,1,1,2,1,0,NA,1,0,1,0,3,1,0,1,0,0,2,1,2,2,0,0,2,1,0,NA,NA,1171,17,51.85,51.85,60.71,60.71,50.56,50.56,52.56,52.56,37.5,37.5
"Georgia","GEO",NA,NA,"NAT_TOTAL",20200802,3,0,2,1,1,1,2,1,0,NA,1,0,1,0,3,1,0,1,0,0,2,1,2,2,0,0,2,1,0,NA,NA,1177,17,51.85,51.85,60.71,60.71,50.56,50.56,52.56,52.56,37.5,37.5
"Georgia","GEO",NA,NA,"NAT_TOTAL",20200803,3,0,2,1,1,1,2,1,0,NA,1,0,1,0,3,1,0,1,0,0,2,1,2,2,0,0,2,1,0,NA,NA,1179,17,51.85,51.85,60.71,60.71,50.56,50.56,52.56,52.56,37.5,37.5
"Georgia","GEO",NA,NA,"NAT_TOTAL",20200804,3,0,2,1,1,1,2,1,0,NA,1,0,1,0,3,1,0,1,0,0,2,1,2,2,0,0,2,1,0,NA,NA,1182,17,51.85,51.85,60.71,60.71,50.56,50.56,52.56,52.56,37.5,37.5
"Georgia","GEO",NA,NA,"NAT_TOTAL",20200805,3,0,2,1,1,1,2,1,0,NA,1,0,1,0,3,1,0,1,0,0,2,1,2,2,0,0,2,1,0,NA,NA,1197,17,51.85,51.85,60.71,60.71,50.56,50.56,52.56,52.56,37.5,37.5
"Georgia","GEO",NA,NA,"NAT_TOTAL",20200806,3,0,2,1,1,1,2,1,0,NA,1,0,1,0,3,1,0,1,0,0,2,1,2,2,0,0,2,1,0,NA,NA,1206,17,51.85,51.85,60.71,60.71,50.56,50.56,52.56,52.56,37.5,37.5
"Georgia","GEO",NA,NA,"NAT_TOTAL",20200807,3,0,2,1,1,1,2,1,0,NA,1,0,1,0,3,1,0,1,0,0,2,1,2,2,0,0,2,1,0,NA,NA,1213,17,51.85,51.85,60.71,60.71,50.56,50.56,52.56,52.56,37.5,37.5
"Georgia","GEO",NA,NA,"NAT_TOTAL",20200808,3,0,2,1,1,1,2,1,0,NA,1,0,1,0,3,1,0,1,0,0,2,1,2,2,0,0,2,1,0,NA,NA,1216,17,51.85,51.85,60.71,60.71,50.56,50.56,52.56,52.56,37.5,37.5
"Georgia","GEO",NA,NA,"NAT_TOTAL",20200809,3,0,2,1,1,1,2,1,0,NA,1,0,1,0,3,1,0,1,0,0,2,1,2,2,0,0,2,1,0,NA,NA,1225,17,51.85,51.85,60.71,60.71,50.56,50.56,52.56,52.56,37.5,37.5
"Georgia","GEO",NA,NA,"NAT_TOTAL",20200810,3,0,2,1,1,1,2,1,0,NA,1,0,1,0,3,1,0,1,0,0,2,1,2,2,0,0,2,1,0,NA,NA,1250,17,51.85,51.85,60.71,60.71,50.56,50.56,52.56,52.56,37.5,37.5
"Georgia","GEO",NA,NA,"NAT_TOTAL",20200811,3,0,2,1,1,1,2,1,0,NA,1,0,2,0,3,1,0,1,0,0,2,1,2,2,0,0,2,1,0,NA,NA,1264,17,57.41,57.41,65.48,65.48,53.89,53.89,56.41,56.41,37.5,37.5
"Georgia","GEO",NA,NA,"NAT_TOTAL",20200812,3,0,2,1,1,1,2,1,0,NA,1,0,2,0,3,1,0,1,0,0,2,1,2,2,0,0,2,1,0,NA,NA,1278,17,57.41,57.41,65.48,65.48,53.89,53.89,56.41,56.41,37.5,37.5
"Georgia","GEO",NA,NA,"NAT_TOTAL",20200813,3,0,2,1,1,1,2,1,0,NA,1,0,2,0,3,1,0,1,0,0,2,1,2,2,0,0,2,1,0,NA,NA,1283,17,57.41,57.41,65.48,65.48,53.89,53.89,56.41,56.41,37.5,37.5
"Georgia","GEO",NA,NA,"NAT_TOTAL",20200814,3,0,2,1,1,1,2,1,0,NA,1,0,2,0,3,1,0,1,0,0,2,1,2,2,0,0,2,1,0,NA,NA,1306,17,57.41,57.41,65.48,65.48,53.89,53.89,56.41,56.41,37.5,37.5
"Georgia","GEO",NA,NA,"NAT_TOTAL",20200815,3,0,2,1,1,1,2,1,0,NA,1,0,2,0,3,1,0,1,0,0,2,1,2,2,0,0,2,1,0,NA,NA,1321,17,57.41,57.41,65.48,65.48,53.89,53.89,56.41,56.41,37.5,37.5
"Georgia","GEO",NA,NA,"NAT_TOTAL",20200816,3,0,2,1,1,1,2,1,0,NA,1,0,2,0,3,1,0,1,0,0,2,1,2,2,0,0,2,1,0,NA,NA,1336,17,57.41,57.41,65.48,65.48,53.89,53.89,56.41,56.41,37.5,37.5
"Georgia","GEO",NA,NA,"NAT_TOTAL",20200817,3,0,2,1,1,1,2,1,0,NA,1,0,2,0,3,1,0,1,0,0,2,1,2,2,0,0,2,1,0,NA,NA,1341,17,57.41,57.41,65.48,65.48,53.89,53.89,56.41,56.41,37.5,37.5
"Georgia","GEO",NA,NA,"NAT_TOTAL",20200818,3,0,2,1,1,1,2,1,0,NA,1,0,2,0,3,1,0,1,0,0,2,1,2,2,0,0,2,1,0,NA,NA,1351,17,57.41,57.41,65.48,65.48,53.89,53.89,56.41,56.41,37.5,37.5
"Georgia","GEO",NA,NA,"NAT_TOTAL",20200819,3,0,2,1,1,1,2,1,0,NA,1,0,2,0,3,1,0,1,0,0,2,1,2,2,0,0,2,1,0,NA,NA,1361,17,57.41,57.41,65.48,65.48,53.89,53.89,56.41,56.41,37.5,37.5
"Georgia","GEO",NA,NA,"NAT_TOTAL",20200820,3,0,2,1,1,1,2,1,0,NA,1,0,2,0,3,1,0,1,0,0,2,1,2,2,0,0,2,1,0,NA,NA,1370,17,57.41,57.41,65.48,65.48,53.89,53.89,56.41,56.41,37.5,37.5
"Georgia","GEO",NA,NA,"NAT_TOTAL",20200821,3,0,2,1,1,1,2,1,0,NA,1,0,2,0,3,1,0,1,0,0,2,1,2,2,0,0,2,1,0,NA,NA,1385,17,57.41,57.41,65.48,65.48,53.89,53.89,56.41,56.41,37.5,37.5
"Georgia","GEO",NA,NA,"NAT_TOTAL",20200822,3,0,2,1,1,1,2,1,0,NA,1,0,2,0,3,1,0,1,0,0,2,1,2,2,0,0,2,1,0,NA,NA,1394,17,57.41,57.41,65.48,65.48,53.89,53.89,56.41,56.41,37.5,37.5
"Georgia","GEO",NA,NA,"NAT_TOTAL",20200823,3,0,2,1,1,1,2,1,0,NA,1,0,2,0,3,1,0,1,0,0,2,1,2,2,0,0,2,1,0,NA,NA,1411,17,57.41,57.41,65.48,65.48,53.89,53.89,56.41,56.41,37.5,37.5
"Georgia","GEO",NA,NA,"NAT_TOTAL",20200824,3,0,2,1,1,1,2,1,0,NA,1,0,2,0,3,1,0,1,0,0,2,1,2,2,0,0,2,1,0,NA,NA,1421,18,57.41,57.41,65.48,65.48,53.89,53.89,56.41,56.41,37.5,37.5
"Georgia","GEO",NA,NA,"NAT_TOTAL",20200825,3,0,2,1,1,1,2,1,0,NA,1,0,2,0,3,1,0,1,0,0,2,1,2,2,0,0,2,1,0,NA,NA,1429,19,57.41,57.41,65.48,65.48,53.89,53.89,56.41,56.41,37.5,37.5
"Georgia","GEO",NA,NA,"NAT_TOTAL",20200826,3,0,2,1,1,1,2,1,0,NA,1,0,2,0,3,1,0,1,0,0,2,1,2,2,0,0,2,1,0,NA,NA,1436,19,57.41,57.41,65.48,65.48,53.89,53.89,56.41,56.41,37.5,37.5
"Georgia","GEO",NA,NA,"NAT_TOTAL",20200827,3,0,2,1,1,1,2,1,0,NA,1,0,2,0,3,1,0,1,0,0,2,1,2,2,0,0,2,1,0,NA,NA,1447,19,57.41,57.41,65.48,65.48,53.89,53.89,56.41,56.41,37.5,37.5
"Georgia","GEO",NA,NA,"NAT_TOTAL",20200828,3,0,2,1,1,1,2,1,0,NA,1,0,2,0,3,1,0,1,0,0,2,1,2,2,0,0,2,1,0,NA,NA,1455,19,57.41,57.41,65.48,65.48,53.89,53.89,56.41,56.41,37.5,37.5
"Georgia","GEO",NA,NA,"NAT_TOTAL",20200829,3,0,2,1,1,1,2,1,0,NA,1,0,2,0,3,1,0,1,0,0,2,1,2,2,0,0,2,1,0,NA,NA,1462,19,57.41,57.41,65.48,65.48,53.89,53.89,56.41,56.41,37.5,37.5
"Georgia","GEO",NA,NA,"NAT_TOTAL",20200830,3,0,2,1,1,1,2,1,0,NA,1,0,2,0,3,1,0,1,0,0,2,1,2,2,0,0,2,1,0,NA,NA,1469,19,57.41,57.41,65.48,65.48,53.89,53.89,56.41,56.41,37.5,37.5
"Georgia","GEO",NA,NA,"NAT_TOTAL",20200831,3,0,2,1,1,1,2,1,0,NA,1,0,2,0,3,1,0,1,0,0,2,1,2,2,0,0,2,1,0,NA,NA,1487,19,57.41,57.41,65.48,65.48,53.89,53.89,56.41,56.41,37.5,37.5
"Georgia","GEO",NA,NA,"NAT_TOTAL",20200901,3,0,2,1,1,1,2,1,0,NA,1,0,2,0,3,1,0,1,0,0,2,1,2,2,0,0,2,1,0,NA,NA,1510,19,57.41,57.41,65.48,65.48,53.89,53.89,56.41,56.41,37.5,37.5
"Georgia","GEO",NA,NA,"NAT_TOTAL",20200902,3,0,2,1,1,1,2,1,0,NA,1,0,2,0,3,1,0,1,0,0,2,1,2,2,0,0,2,1,0,NA,NA,1548,19,57.41,57.41,65.48,65.48,53.89,53.89,56.41,56.41,37.5,37.5
"Georgia","GEO",NA,NA,"NAT_TOTAL",20200903,3,0,2,1,1,1,2,1,0,NA,1,0,2,0,3,1,0,1,0,0,2,1,2,2,0,0,2,1,0,NA,NA,1568,19,57.41,57.41,65.48,65.48,53.89,53.89,56.41,56.41,37.5,37.5
"Georgia","GEO",NA,NA,"NAT_TOTAL",20200904,3,0,2,1,2,1,4,1,0,NA,1,1,1,1,3,1,0,1,0,0,2,1,2,2,0,0,2,1,0,NA,NA,1596,19,67.59,67.59,70.24,70.24,60,60,63.46,63.46,37.5,37.5
"Georgia","GEO",NA,NA,"NAT_TOTAL",20200905,3,0,2,1,2,1,4,1,0,NA,1,1,1,1,3,1,0,1,0,0,2,1,2,2,0,0,2,1,0,NA,NA,1621,19,67.59,67.59,70.24,70.24,60,60,63.46,63.46,37.5,37.5
"Georgia","GEO",NA,NA,"NAT_TOTAL",20200906,3,0,2,1,2,1,4,1,0,NA,1,1,1,1,3,1,0,1,0,0,2,1,2,2,0,0,2,1,0,NA,NA,1650,19,67.59,67.59,70.24,70.24,60,60,63.46,63.46,37.5,37.5
"Georgia","GEO",NA,NA,"NAT_TOTAL",20200907,3,0,2,1,2,1,4,1,0,NA,1,1,1,1,3,1,0,1,0,0,2,1,2,2,0,0,2,1,0,NA,NA,1684,19,67.59,67.59,70.24,70.24,60,60,63.46,63.46,37.5,37.5
"Georgia","GEO",NA,NA,"NAT_TOTAL",20200908,3,0,2,1,2,1,4,1,0,NA,1,1,1,1,3,1,0,1,0,0,2,1,2,2,0,0,2,1,0,NA,NA,1729,19,67.59,67.59,70.24,70.24,60,60,63.46,63.46,37.5,37.5
"Georgia","GEO",NA,NA,"NAT_TOTAL",20200909,3,0,2,1,2,1,4,1,0,NA,1,1,1,1,3,1,0,1,0,0,2,1,2,2,0,0,2,1,0,NA,NA,1773,19,67.59,67.59,70.24,70.24,60,60,63.46,63.46,37.5,37.5
"Georgia","GEO",NA,NA,"NAT_TOTAL",20200910,3,0,2,1,2,1,4,1,0,NA,1,1,1,1,3,1,0,1,0,0,2,1,2,2,0,0,2,1,0,NA,NA,1830,19,67.59,67.59,70.24,70.24,60,60,63.46,63.46,37.5,37.5
"Georgia","GEO",NA,NA,"NAT_TOTAL",20200911,3,0,2,1,2,1,4,1,0,NA,1,1,1,1,3,1,0,1,0,0,2,1,2,2,0,0,2,1,0,NA,NA,1917,19,67.59,67.59,70.24,70.24,60,60,63.46,63.46,37.5,37.5
"Georgia","GEO",NA,NA,"NAT_TOTAL",20200912,3,0,2,1,2,1,4,1,0,NA,1,1,1,1,3,1,0,1,0,0,2,1,2,2,0,0,2,1,0,NA,NA,2075,19,67.59,67.59,70.24,70.24,60,60,63.46,63.46,37.5,37.5
"Georgia","GEO",NA,NA,"NAT_TOTAL",20200913,3,0,2,1,2,1,4,1,0,NA,1,1,1,1,3,1,0,1,0,0,2,1,2,2,0,0,2,1,0,NA,NA,2227,19,67.59,67.59,70.24,70.24,60,60,63.46,63.46,37.5,37.5
"Georgia","GEO",NA,NA,"NAT_TOTAL",20200914,3,0,2,1,2,1,4,1,0,NA,1,1,1,1,3,1,0,1,0,0,2,1,2,2,0,0,2,1,0,NA,NA,2392,19,67.59,67.59,70.24,70.24,60,60,63.46,63.46,37.5,37.5
"Georgia","GEO",NA,NA,"NAT_TOTAL",20200915,2,1,2,1,2,1,2,1,0,NA,1,1,1,1,3,1,0,1,0,0,2,1,2,2,0,0,2,1,0,NA,NA,2562,19,60.19,60.19,70.24,70.24,55.56,55.56,58.33,58.33,37.5,37.5
"Georgia","GEO",NA,NA,"NAT_TOTAL",20200916,2,1,2,1,2,1,2,1,0,NA,1,1,1,1,3,1,0,1,0,0,2,1,2,2,0,0,2,1,0,NA,NA,2758,19,60.19,60.19,70.24,70.24,55.56,55.56,58.33,58.33,37.5,37.5
"Georgia","GEO",NA,NA,"NAT_TOTAL",20200917,2,1,2,1,2,1,2,1,0,NA,1,1,1,1,3,1,0,1,0,0,2,1,2,2,0,0,2,1,0,NA,NA,2937,19,60.19,60.19,70.24,70.24,55.56,55.56,58.33,58.33,37.5,37.5
"Georgia","GEO",NA,NA,"NAT_TOTAL",20200918,2,1,2,1,2,1,2,1,0,NA,1,1,1,1,3,1,0,1,0,0,2,1,2,2,0,0,2,1,0,NA,NA,3119,19,60.19,60.19,70.24,70.24,55.56,55.56,58.33,58.33,37.5,37.5
"Georgia","GEO",NA,NA,"NAT_TOTAL",20200919,2,1,2,1,2,1,2,1,0,NA,1,1,1,1,3,1,0,1,0,0,2,1,2,2,0,0,2,1,0,NA,NA,3306,19,60.19,60.19,70.24,70.24,55.56,55.56,58.33,58.33,37.5,37.5
"Georgia","GEO",NA,NA,"NAT_TOTAL",20200920,2,1,2,1,2,1,2,1,0,NA,1,1,1,1,3,1,0,1,0,0,2,1,2,2,0,0,2,1,0,NA,NA,3502,19,60.19,60.19,70.24,70.24,55.56,55.56,58.33,58.33,37.5,37.5
"Georgia","GEO",NA,NA,"NAT_TOTAL",20200921,2,1,2,1,2,1,2,1,0,NA,1,1,1,1,3,1,0,1,0,0,2,1,2,2,0,0,2,1,0,NA,NA,3695,20,60.19,60.19,70.24,70.24,55.56,55.56,58.33,58.33,37.5,37.5
"Georgia","GEO",NA,NA,"NAT_TOTAL",20200922,2,1,2,1,2,1,2,1,0,NA,1,1,1,1,3,1,0,1,0,0,2,1,2,2,0,0,2,1,0,NA,NA,3913,23,60.19,60.19,70.24,70.24,55.56,55.56,58.33,58.33,37.5,37.5
"Georgia","GEO",NA,NA,"NAT_TOTAL",20200923,2,1,2,1,2,1,2,1,0,NA,1,1,1,1,3,1,0,1,0,0,2,1,2,2,0,0,2,1,0,NA,NA,4140,25,60.19,60.19,70.24,70.24,55.56,55.56,58.33,58.33,37.5,37.5
"Georgia","GEO",NA,NA,"NAT_TOTAL",20200924,2,1,2,1,2,1,2,1,0,NA,1,1,1,1,3,1,0,1,0,0,2,1,2,2,0,0,2,1,0,NA,NA,4399,26,60.19,60.19,70.24,70.24,55.56,55.56,58.33,58.33,37.5,37.5
"Georgia","GEO",NA,NA,"NAT_TOTAL",20200925,2,1,2,1,2,1,2,1,0,NA,1,1,1,1,3,1,0,1,0,0,2,1,2,2,0,0,2,1,0,NA,NA,4664,27,60.19,60.19,70.24,70.24,55.56,55.56,58.33,58.33,37.5,37.5
"Georgia","GEO",NA,NA,"NAT_TOTAL",20200926,2,1,2,1,2,1,2,1,0,NA,1,1,1,1,3,1,0,1,0,0,2,1,2,2,0,0,2,1,0,NA,NA,4960,28,60.19,60.19,70.24,70.24,55.56,55.56,58.33,58.33,37.5,37.5
"Georgia","GEO",NA,NA,"NAT_TOTAL",20200927,2,1,2,1,2,1,2,1,0,NA,1,1,1,1,3,1,0,1,0,0,2,1,2,2,0,0,2,1,0,NA,NA,5254,28,60.19,60.19,70.24,70.24,55.56,55.56,58.33,58.33,37.5,37.5
"Georgia","GEO",NA,NA,"NAT_TOTAL",20200928,2,1,2,1,2,1,2,1,0,NA,1,1,1,1,3,1,0,1,0,0,2,1,2,2,0,0,2,1,0,NA,NA,5552,32,60.19,60.19,70.24,70.24,55.56,55.56,58.33,58.33,37.5,37.5
"Georgia","GEO",NA,NA,"NAT_TOTAL",20200929,2,1,2,1,2,1,2,1,0,NA,1,1,1,1,3,1,0,1,0,0,2,1,2,2,0,0,2,1,0,NA,NA,5866,36,60.19,60.19,70.24,70.24,55.56,55.56,58.33,58.33,37.5,37.5
"Georgia","GEO",NA,NA,"NAT_TOTAL",20200930,2,1,2,1,2,1,2,1,0,NA,1,1,1,1,3,1,0,1,0,0,2,1,2,2,0,0,2,1,0,NA,NA,6192,39,60.19,60.19,70.24,70.24,55.56,55.56,58.33,58.33,37.5,37.5
"Georgia","GEO",NA,NA,"NAT_TOTAL",20201001,3,0,2,1,1,1,2,1,0,NA,1,1,1,1,3,1,0,1,0,0,2,1,2,2,0,0,2,1,0,NA,NA,6640,41,56.48,56.48,65.48,65.48,53.33,53.33,55.77,55.77,37.5,37.5
"Georgia","GEO",NA,NA,"NAT_TOTAL",20201002,3,0,2,1,1,1,2,1,0,NA,1,1,1,1,3,1,0,1,0,0,2,1,2,2,0,0,2,1,0,NA,NA,7093,46,56.48,56.48,65.48,65.48,53.33,53.33,55.77,55.77,37.5,37.5
"Georgia","GEO",NA,NA,"NAT_TOTAL",20201003,3,0,2,1,1,1,2,1,0,NA,1,1,1,1,3,1,0,1,0,0,2,1,2,2,0,0,2,1,0,NA,NA,7564,48,56.48,56.48,65.48,65.48,53.33,53.33,55.77,55.77,37.5,37.5
"Georgia","GEO",NA,NA,"NAT_TOTAL",20201004,3,0,2,1,1,1,2,1,0,NA,1,1,1,1,3,1,0,1,0,0,2,1,2,2,0,0,2,1,0,NA,NA,8118,50,56.48,56.48,65.48,65.48,53.33,53.33,55.77,55.77,37.5,37.5
"Georgia","GEO",NA,NA,"NAT_TOTAL",20201005,3,0,2,1,1,1,2,1,0,NA,1,1,1,1,3,1,0,1,0,0,2,1,2,2,0,0,2,1,0,NA,NA,8696,54,56.48,56.48,65.48,65.48,53.33,53.33,55.77,55.77,37.5,37.5
"Georgia","GEO",NA,NA,"NAT_TOTAL",20201006,3,0,2,1,1,1,2,1,0,NA,1,1,1,1,3,1,0,1,0,0,2,1,2,2,0,0,2,1,0,NA,NA,9245,58,56.48,56.48,65.48,65.48,53.33,53.33,55.77,55.77,37.5,37.5
"Georgia","GEO",NA,NA,"NAT_TOTAL",20201007,3,0,2,1,1,1,2,1,0,NA,1,1,1,1,3,1,0,1,0,0,2,1,2,2,0,0,2,1,0,NA,NA,9753,63,56.48,56.48,65.48,65.48,53.33,53.33,55.77,55.77,37.5,37.5
"Georgia","GEO",NA,NA,"NAT_TOTAL",20201008,3,0,2,1,1,1,2,1,0,NA,1,1,1,1,3,1,0,1,0,0,2,1,2,2,0,0,2,1,0,NA,NA,10225,66,56.48,56.48,65.48,65.48,53.33,53.33,55.77,55.77,37.5,37.5
"Georgia","GEO",NA,NA,"NAT_TOTAL",20201009,3,0,2,1,1,1,4,1,2,0,0,NA,0,NA,3,1,0,1,0,0,2,1,2,2,0,0,2,1,0,NA,NA,10752,72,61.11,61.11,70.24,70.24,56.11,56.11,58.97,58.97,37.5,37.5
"Georgia","GEO",NA,NA,"NAT_TOTAL",20201010,3,0,2,1,1,1,4,1,2,0,0,NA,0,NA,3,1,0,1,0,0,2,1,2,2,0,0,2,1,0,NA,NA,11271,78,61.11,61.11,70.24,70.24,56.11,56.11,58.97,58.97,37.5,37.5
"Georgia","GEO",NA,NA,"NAT_TOTAL",20201011,3,0,2,1,1,1,4,1,2,0,0,NA,0,NA,3,1,0,1,0,0,2,1,2,2,0,0,2,1,0,NA,NA,11794,85,61.11,61.11,70.24,70.24,56.11,56.11,58.97,58.97,37.5,37.5
"Georgia","GEO",NA,NA,"NAT_TOTAL",20201012,3,0,2,1,1,1,4,1,2,0,0,NA,0,NA,3,1,0,1,0,0,2,1,2,2,0,0,2,1,0,NA,NA,12272,93,61.11,61.11,70.24,70.24,56.11,56.11,58.97,58.97,37.5,37.5
"Georgia","GEO",NA,NA,"NAT_TOTAL",20201013,3,0,2,1,1,1,4,1,2,0,0,NA,0,NA,3,1,0,1,0,0,2,1,2,2,0,0,2,1,0,NA,NA,12841,102,61.11,61.11,70.24,70.24,56.11,56.11,58.97,58.97,37.5,37.5
"Georgia","GEO",NA,NA,"NAT_TOTAL",20201014,3,0,2,1,1,1,4,1,2,0,0,NA,0,NA,3,1,0,1,0,0,2,1,2,2,0,0,2,1,0,NA,NA,13521,109,61.11,61.11,70.24,70.24,56.11,56.11,58.97,58.97,37.5,37.5
"Georgia","GEO",NA,NA,"NAT_TOTAL",20201015,3,0,2,1,1,1,4,1,2,0,0,NA,0,NA,3,1,0,1,0,0,2,1,2,2,0,0,2,1,0,NA,NA,14440,113,61.11,61.11,70.24,70.24,56.11,56.11,58.97,58.97,37.5,37.5
"Georgia","GEO",NA,NA,"NAT_TOTAL",20201016,3,0,2,1,1,1,4,1,2,0,0,NA,0,NA,3,1,0,1,0,0,2,1,2,2,0,0,2,1,0,NA,NA,15327,124,61.11,61.11,70.24,70.24,56.11,56.11,58.97,58.97,37.5,37.5
"Georgia","GEO",NA,NA,"NAT_TOTAL",20201017,3,0,2,1,1,1,4,1,2,0,0,NA,0,NA,3,1,0,1,0,0,2,1,2,2,0,0,2,1,0,NA,NA,16285,128,61.11,61.11,70.24,70.24,56.11,56.11,58.97,58.97,37.5,37.5
"Georgia","GEO",NA,NA,"NAT_TOTAL",20201018,2,1,2,1,1,1,4,1,2,0,0,NA,0,NA,3,1,0,1,0,0,2,1,2,2,0,0,2,1,0,NA,NA,17477,136,59.26,59.26,70.24,70.24,55,55,57.69,57.69,37.5,37.5
"Georgia","GEO",NA,NA,"NAT_TOTAL",20201019,2,1,2,1,1,1,4,1,2,0,0,NA,0,NA,3,1,0,1,0,0,2,1,2,2,0,0,2,1,0,NA,NA,18663,143,59.26,59.26,70.24,70.24,55,55,57.69,57.69,37.5,37.5
"Georgia","GEO",NA,NA,"NAT_TOTAL",20201020,2,1,2,1,1,1,4,1,2,0,0,NA,0,NA,3,1,0,1,0,0,2,1,2,2,0,0,2,1,0,NA,NA,19857,158,59.26,59.26,70.24,70.24,55,55,57.69,57.69,37.5,37.5
"Georgia","GEO",NA,NA,"NAT_TOTAL",20201021,2,1,2,1,1,1,4,1,2,0,0,NA,0,NA,3,1,0,1,0,0,2,1,2,2,0,0,2,1,0,NA,NA,21208,172,59.26,59.26,70.24,70.24,55,55,57.69,57.69,37.5,37.5
"Georgia","GEO",NA,NA,"NAT_TOTAL",20201022,2,1,2,1,1,1,4,1,2,0,0,NA,0,NA,3,1,0,1,0,0,2,1,2,2,0,0,2,1,0,NA,NA,22803,178,59.26,59.26,70.24,70.24,55,55,57.69,57.69,37.5,37.5
"Georgia","GEO",NA,NA,"NAT_TOTAL",20201023,2,1,2,1,1,1,4,1,2,0,0,NA,0,NA,3,1,0,1,0,0,2,1,2,2,0,0,2,1,0,NA,NA,24562,183,59.26,59.26,70.24,70.24,55,55,57.69,57.69,37.5,37.5
"Georgia","GEO",NA,NA,"NAT_TOTAL",20201024,2,1,2,1,1,1,4,1,2,0,0,NA,0,NA,3,1,0,1,0,0,2,1,2,2,0,0,2,1,0,NA,NA,26503,193,59.26,59.26,70.24,70.24,55,55,57.69,57.69,37.5,37.5
"Georgia","GEO",NA,NA,"NAT_TOTAL",20201025,2,1,2,1,1,1,4,1,2,0,0,NA,0,NA,3,1,0,1,0,0,2,1,2,2,0,0,2,1,0,NA,NA,28431,201,59.26,59.26,70.24,70.24,55,55,57.69,57.69,37.5,37.5
"Georgia","GEO",NA,NA,"NAT_TOTAL",20201026,2,1,2,1,1,1,4,1,2,0,0,NA,0,NA,3,1,0,1,0,0,2,1,2,2,0,0,2,1,0,NA,NA,30303,215,59.26,59.26,70.24,70.24,55,55,57.69,57.69,37.5,37.5
"Georgia","GEO",NA,NA,"NAT_TOTAL",20201027,2,1,2,1,1,1,4,1,2,0,0,NA,0,NA,3,1,0,1,0,0,2,1,2,2,0,0,2,1,0,NA,NA,32127,238,59.26,59.26,70.24,70.24,55,55,57.69,57.69,37.5,37.5
"Georgia","GEO",NA,NA,"NAT_TOTAL",20201028,2,1,2,1,1,1,4,1,2,0,0,NA,0,NA,3,1,0,1,0,0,2,1,2,2,0,0,2,1,0,NA,NA,33858,253,59.26,59.26,70.24,70.24,55,55,57.69,57.69,37.5,37.5
"Georgia","GEO",NA,NA,"NAT_TOTAL",20201029,3,0,2,1,1,1,4,1,1,0,0,NA,0,NA,3,1,0,1,0,0,2,1,2,2,0,0,2,1,0,NA,NA,35567,273,55.56,55.56,65.48,65.48,52.78,52.78,55.13,55.13,37.5,37.5
"Georgia","GEO",NA,NA,"NAT_TOTAL",20201030,3,0,2,1,1,1,4,1,1,0,0,NA,0,NA,3,1,0,1,0,0,2,1,2,2,0,0,2,1,0,NA,NA,37263,285,55.56,55.56,65.48,65.48,52.78,52.78,55.13,55.13,37.5,37.5
"Georgia","GEO",NA,NA,"NAT_TOTAL",20201031,3,0,2,1,1,1,4,1,1,0,0,NA,0,NA,3,1,0,1,0,0,2,1,2,2,0,0,2,1,0,NA,NA,38936,307,55.56,55.56,65.48,65.48,52.78,52.78,55.13,55.13,37.5,37.5
"Georgia","GEO",NA,NA,"NAT_TOTAL",20201101,3,0,2,1,1,1,4,1,1,0,0,NA,0,NA,3,1,0,1,0,0,2,1,2,2,0,0,2,1,0,NA,NA,40727,335,55.56,55.56,65.48,65.48,52.78,52.78,55.13,55.13,37.5,37.5
"Georgia","GEO",NA,NA,"NAT_TOTAL",20201102,3,0,2,1,1,1,4,1,1,0,0,NA,0,NA,3,1,0,1,0,0,2,1,2,2,0,0,2,1,0,NA,NA,42579,342,55.56,55.56,65.48,65.48,52.78,52.78,55.13,55.13,37.5,37.5
"Georgia","GEO",NA,NA,"NAT_TOTAL",20201103,3,0,2,1,1,1,4,1,1,0,0,NA,0,NA,3,1,0,1,0,0,2,1,2,2,0,0,2,1,0,NA,NA,44522,362,55.56,55.56,65.48,65.48,52.78,52.78,55.13,55.13,37.5,37.5
"Georgia","GEO",NA,NA,"NAT_TOTAL",20201104,3,0,2,1,1,1,4,1,1,0,0,NA,0,NA,3,1,0,1,0,0,2,1,2,2,0,0,2,1,0,NA,NA,46817,381,55.56,55.56,65.48,65.48,52.78,52.78,55.13,55.13,37.5,37.5
"Georgia","GEO",NA,NA,"NAT_TOTAL",20201105,3,0,2,1,1,1,4,1,1,0,0,NA,0,NA,3,1,0,1,0,0,2,1,2,2,0,0,2,1,0,NA,NA,49218,401,55.56,55.56,65.48,65.48,52.78,52.78,55.13,55.13,37.5,37.5
"Georgia","GEO",NA,NA,"NAT_TOTAL",20201106,3,0,2,1,1,1,4,1,1,0,0,NA,0,NA,3,1,0,1,0,0,2,1,2,2,0,0,2,1,0,NA,NA,51993,423,55.56,55.56,65.48,65.48,52.78,52.78,55.13,55.13,37.5,37.5
"Georgia","GEO",NA,NA,"NAT_TOTAL",20201107,3,0,2,1,1,1,4,1,1,0,0,NA,0,NA,3,1,0,1,0,0,2,1,2,2,0,0,2,1,0,NA,NA,54852,441,55.56,55.56,65.48,65.48,52.78,52.78,55.13,55.13,37.5,37.5
"Georgia","GEO",NA,NA,"NAT_TOTAL",20201108,3,0,2,1,1,1,4,1,1,0,0,NA,0,NA,3,1,0,1,0,0,2,1,2,2,0,0,2,1,0,NA,NA,57753,475,55.56,55.56,65.48,65.48,52.78,52.78,55.13,55.13,37.5,37.5
"Georgia","GEO",NA,NA,"NAT_TOTAL",20201109,3,0,2,1,1,1,4,1,1,0,3,0,0,NA,3,1,0,1,0,0,2,1,2,2,0,0,2,1,0,NA,NA,60680,499,64.81,64.81,76.19,76.19,58.33,58.33,61.54,61.54,37.5,37.5
"Georgia","GEO",NA,NA,"NAT_TOTAL",20201110,3,0,2,1,1,1,4,1,1,0,3,0,0,NA,3,1,0,1,0,0,2,1,2,2,0,0,2,1,0,NA,NA,63650,521,64.81,64.81,76.19,76.19,58.33,58.33,61.54,61.54,37.5,37.5
"Georgia","GEO",NA,NA,"NAT_TOTAL",20201111,3,0,2,1,1,1,4,1,1,0,3,0,0,NA,3,1,0,1,0,0,2,1,2,2,0,0,2,1,0,NA,NA,66561,566,64.81,64.81,76.19,76.19,58.33,58.33,61.54,61.54,37.5,37.5
"Georgia","GEO",NA,NA,"NAT_TOTAL",20201112,3,0,2,1,1,1,4,1,1,0,3,0,0,NA,3,1,0,1,0,0,2,1,2,2,0,0,2,1,0,NA,NA,69681,599,64.81,64.81,76.19,76.19,58.33,58.33,61.54,61.54,37.5,37.5
"Georgia","GEO",NA,NA,"NAT_TOTAL",20201113,3,0,2,1,1,1,4,1,1,0,3,0,0,NA,3,1,0,1,0,0,2,1,2,2,0,0,2,1,0,NA,NA,73154,636,64.81,64.81,76.19,76.19,58.33,58.33,61.54,61.54,37.5,37.5
"Georgia","GEO",NA,NA,"NAT_TOTAL",20201114,3,0,2,1,1,1,4,1,1,0,3,0,0,NA,3,1,0,1,0,0,2,1,2,2,0,0,2,1,0,NA,NA,76658,669,64.81,64.81,76.19,76.19,58.33,58.33,61.54,61.54,37.5,37.5
"Georgia","GEO",NA,NA,"NAT_TOTAL",20201115,3,0,2,1,1,1,4,1,1,0,3,0,0,NA,3,1,0,1,0,0,2,1,2,2,0,0,2,1,0,NA,NA,79678,703,64.81,64.81,76.19,76.19,58.33,58.33,61.54,61.54,37.5,37.5
"Georgia","GEO",NA,NA,"NAT_TOTAL",20201116,3,0,2,1,1,1,4,1,1,0,3,0,0,NA,3,1,0,1,0,0,2,1,2,2,0,0,2,1,0,NA,NA,82835,733,64.81,64.81,76.19,76.19,58.33,58.33,61.54,61.54,37.5,37.5
"Georgia","GEO",NA,NA,"NAT_TOTAL",20201117,3,0,2,1,1,1,4,1,1,0,3,0,0,NA,3,1,0,1,0,0,2,1,2,2,0,0,2,1,0,NA,NA,85952,778,64.81,64.81,76.19,76.19,58.33,58.33,61.54,61.54,37.5,37.5
"Georgia","GEO",NA,NA,"NAT_TOTAL",20201118,3,0,2,1,1,1,4,1,1,0,3,0,0,NA,3,1,0,1,0,0,2,1,2,2,0,0,2,1,0,NA,NA,89395,815,64.81,64.81,76.19,76.19,58.33,58.33,61.54,61.54,37.5,37.5
"Georgia","GEO",NA,NA,"NAT_TOTAL",20201119,3,0,2,1,1,1,4,1,1,0,3,0,0,NA,3,1,0,1,0,0,2,1,2,2,0,0,2,1,0,NA,NA,93092,853,64.81,64.81,76.19,76.19,58.33,58.33,61.54,61.54,37.5,37.5
"Georgia","GEO",NA,NA,"NAT_TOTAL",20201120,3,0,2,1,1,1,4,1,1,0,3,0,0,NA,3,1,0,1,0,0,2,1,2,2,0,0,2,1,0,NA,NA,96860,894,64.81,64.81,76.19,76.19,58.33,58.33,61.54,61.54,37.5,37.5
"Georgia","GEO",NA,NA,"NAT_TOTAL",20201121,3,0,2,1,1,1,4,1,1,0,3,0,0,NA,3,1,0,1,0,0,2,1,2,2,0,0,2,1,0,NA,NA,100684,927,64.81,64.81,76.19,76.19,58.33,58.33,61.54,61.54,37.5,37.5
"Georgia","GEO",NA,NA,"NAT_TOTAL",20201122,3,0,2,1,1,1,4,1,1,0,3,0,0,NA,3,1,0,1,0,0,2,1,2,2,0,0,2,1,0,NA,NA,104732,976,64.81,64.81,76.19,76.19,58.33,58.33,61.54,61.54,37.5,37.5
"Georgia","GEO",NA,NA,"NAT_TOTAL",20201123,3,0,2,1,1,1,4,1,1,0,3,0,0,NA,3,1,0,1,0,0,2,1,2,2,0,0,2,1,0,NA,NA,108690,1012,64.81,64.81,76.19,76.19,58.33,58.33,61.54,61.54,37.5,37.5
"Georgia","GEO",NA,NA,"NAT_TOTAL",20201124,3,0,2,1,1,1,4,1,1,0,3,0,0,NA,3,1,0,1,0,0,2,1,2,2,0,0,2,1,0,NA,NA,111818,1051,64.81,64.81,76.19,76.19,58.33,58.33,61.54,61.54,37.5,37.5
"Georgia","GEO",NA,NA,"NAT_TOTAL",20201125,3,0,2,1,1,1,4,1,1,0,3,0,0,NA,3,1,0,1,0,0,2,1,2,2,0,0,2,1,0,NA,NA,114889,1085,64.81,64.81,76.19,76.19,58.33,58.33,61.54,61.54,37.5,37.5
"Georgia","GEO",NA,NA,"NAT_TOTAL",20201126,3,0,2,1,1,1,4,1,1,0,3,0,0,NA,3,1,0,1,0,0,2,1,2,2,0,0,2,1,0,NA,NA,118690,1124,64.81,64.81,76.19,76.19,58.33,58.33,61.54,61.54,37.5,37.5
"Georgia","GEO",NA,NA,"NAT_TOTAL",20201127,3,0,2,1,1,1,4,1,1,0,3,0,0,NA,3,1,0,1,0,0,2,1,2,2,0,0,2,1,0,NA,NA,123470,1161,64.81,64.81,76.19,76.19,58.33,58.33,61.54,61.54,37.5,37.5
"Georgia","GEO",NA,NA,"NAT_TOTAL",20201128,3,0,2,1,2,1,4,1,2,0,3,0,2,0,3,1,0,1,0,0,2,1,2,2,0,0,2,1,0,NA,NA,127942,1195,84.26,84.26,80.95,80.95,70,70,75,75,37.5,37.5
"Georgia","GEO",NA,NA,"NAT_TOTAL",20201129,3,0,2,1,2,1,4,1,2,0,3,0,2,0,3,1,0,1,0,0,2,1,2,2,0,0,2,1,0,NA,NA,132368,1230,84.26,84.26,80.95,80.95,70,70,75,75,37.5,37.5
"Georgia","GEO",NA,NA,"NAT_TOTAL",20201130,3,0,2,1,2,1,4,1,2,0,3,0,2,0,3,1,0,1,0,0,2,1,2,2,0,0,2,1,0,NA,NA,135584,1267,84.26,84.26,80.95,80.95,70,70,75,75,37.5,37.5
"Georgia","GEO",NA,NA,"NAT_TOTAL",20201201,3,0,2,1,2,1,4,1,2,0,3,0,2,0,3,1,0,0,0,0,2,1,2,2,0,0,2,1,0,NA,NA,139343,1303,84.26,84.26,80.95,80.95,66.67,66.67,75,75,12.5,12.5
"Georgia","GEO",NA,NA,"NAT_TOTAL",20201202,3,0,2,1,2,1,4,1,2,0,3,0,2,0,3,1,0,1,0,0,2,1,2,2,0,0,2,1,0,NA,NA,143376,1342,84.26,84.26,80.95,80.95,70,70,75,75,37.5,37.5
"Georgia","GEO",NA,NA,"NAT_TOTAL",20201203,3,0,2,1,2,1,4,1,2,0,3,0,2,0,3,1,0,1,0,0,2,1,2,2,0,0,2,1,0,NA,NA,147636,1387,84.26,84.26,80.95,80.95,70,70,75,75,37.5,37.5
"Georgia","GEO",NA,NA,"NAT_TOTAL",20201204,3,0,2,1,2,1,4,1,2,0,3,0,2,0,3,1,0,1,0,0,2,1,2,2,0,0,2,1,0,NA,NA,152704,1425,84.26,84.26,80.95,80.95,70,70,75,75,37.5,37.5
"Georgia","GEO",NA,NA,"NAT_TOTAL",20201205,3,0,2,1,2,1,4,1,2,0,3,0,2,0,3,1,0,1,0,0,2,1,2,2,0,0,2,1,0,NA,NA,158154,1462,84.26,84.26,80.95,80.95,70,70,75,75,37.5,37.5
"Georgia","GEO",NA,NA,"NAT_TOTAL",20201206,3,0,2,1,2,1,4,1,2,0,3,0,2,0,3,1,0,1,0,0,2,1,2,2,0,0,2,1,0,NA,NA,162475,1504,84.26,84.26,80.95,80.95,70,70,75,75,37.5,37.5
"Georgia","GEO",NA,NA,"NAT_TOTAL",20201207,3,0,2,1,2,1,4,1,2,0,3,0,2,0,3,1,0,1,0,0,2,1,2,2,0,0,2,1,0,NA,NA,164976,1540,84.26,84.26,80.95,80.95,70,70,75,75,37.5,37.5
"Georgia","GEO",NA,NA,"NAT_TOTAL",20201208,3,0,2,1,2,1,4,1,2,0,3,0,2,0,3,1,0,1,0,0,2,1,2,2,0,0,3,1,0,NA,NA,169649,1576,84.26,84.26,80.95,80.95,71.67,71.67,76.92,76.92,37.5,37.5
"Georgia","GEO",NA,NA,"NAT_TOTAL",20201209,3,0,2,1,2,1,4,1,2,0,3,0,2,0,3,1,0,1,0,0,2,1,2,2,0,0,3,1,0,NA,NA,174383,1614,84.26,84.26,80.95,80.95,71.67,71.67,76.92,76.92,37.5,37.5
"Georgia","GEO",NA,NA,"NAT_TOTAL",20201210,3,0,2,1,2,1,4,1,2,0,3,0,2,0,3,1,0,1,0,0,2,1,2,2,0,0,3,1,0,NA,NA,178953,1657,84.26,84.26,80.95,80.95,71.67,71.67,76.92,76.92,37.5,37.5
"Georgia","GEO",NA,NA,"NAT_TOTAL",20201211,3,0,2,1,2,1,4,1,2,0,3,0,2,0,3,1,0,1,0,0,2,1,2,2,0,0,3,1,0,NA,NA,183099,1694,84.26,84.26,80.95,80.95,71.67,71.67,76.92,76.92,37.5,37.5
"Georgia","GEO",NA,NA,"NAT_TOTAL",20201212,3,0,2,1,2,1,4,1,2,0,3,0,2,0,3,1,0,1,0,0,2,1,2,2,0,0,3,1,0,NA,NA,187006,1744,84.26,84.26,80.95,80.95,71.67,71.67,76.92,76.92,37.5,37.5
"Georgia","GEO",NA,NA,"NAT_TOTAL",20201213,3,0,2,1,2,1,4,1,2,0,3,0,2,0,3,1,0,1,0,0,2,1,2,2,0,0,3,1,0,NA,NA,189726,1790,84.26,84.26,80.95,80.95,71.67,71.67,76.92,76.92,37.5,37.5
"Georgia","GEO",NA,NA,"NAT_TOTAL",20201214,3,0,2,1,2,1,4,1,2,0,3,0,2,0,3,1,0,1,0,0,2,1,2,2,0,0,3,1,0,NA,NA,191063,1839,84.26,84.26,80.95,80.95,71.67,71.67,76.92,76.92,37.5,37.5
"Georgia","GEO",NA,NA,"NAT_TOTAL",20201215,3,0,2,1,2,1,4,1,2,0,3,0,2,0,3,1,0,1,0,0,2,1,2,2,0,0,3,1,0,NA,NA,194900,1883,84.26,84.26,80.95,80.95,71.67,71.67,76.92,76.92,37.5,37.5
"Georgia","GEO",NA,NA,"NAT_TOTAL",20201216,3,0,2,1,2,1,4,1,2,0,3,0,2,0,3,1,0,1,0,0,2,1,2,2,0,0,3,1,0,NA,NA,198387,1922,84.26,84.26,80.95,80.95,71.67,71.67,76.92,76.92,37.5,37.5
"Georgia","GEO",NA,NA,"NAT_TOTAL",20201217,3,0,2,1,2,1,4,1,2,0,3,0,2,0,3,1,0,1,0,0,2,1,2,2,0,0,3,1,0,NA,NA,201368,1953,84.26,84.26,80.95,80.95,71.67,71.67,76.92,76.92,37.5,37.5
"Georgia","GEO",NA,NA,"NAT_TOTAL",20201218,3,0,2,1,2,1,4,1,2,0,3,0,2,0,3,1,0,1,0,0,2,1,2,2,0,0,3,1,0,NA,NA,204003,2002,84.26,84.26,80.95,80.95,71.67,71.67,76.92,76.92,37.5,37.5
"Georgia","GEO",NA,NA,"NAT_TOTAL",20201219,3,0,2,1,2,1,4,1,2,0,3,0,2,0,3,1,0,1,0,0,2,1,2,2,0,0,3,1,0,NA,NA,206907,2055,84.26,84.26,80.95,80.95,71.67,71.67,76.92,76.92,37.5,37.5
"Georgia","GEO",NA,NA,"NAT_TOTAL",20201220,3,0,2,1,2,1,4,1,2,0,3,0,2,0,3,1,0,1,0,0,2,1,2,2,0,0,3,1,0,NA,NA,208638,2094,84.26,84.26,80.95,80.95,71.67,71.67,76.92,76.92,37.5,37.5
"Georgia","GEO",NA,NA,"NAT_TOTAL",20201221,3,0,2,1,2,1,4,1,2,0,3,0,2,0,3,1,0,1,0,0,2,1,2,2,0,0,3,1,0,NA,NA,209462,2140,84.26,84.26,80.95,80.95,71.67,71.67,76.92,76.92,37.5,37.5
"Georgia","GEO",NA,NA,"NAT_TOTAL",20201222,3,0,2,1,2,1,4,1,2,0,3,0,2,0,3,1,0,1,0,0,2,1,2,2,0,0,3,1,0,NA,NA,212526,2182,84.26,84.26,80.95,80.95,71.67,71.67,76.92,76.92,37.5,37.5
"Georgia","GEO",NA,NA,"NAT_TOTAL",20201223,3,0,2,1,2,1,4,1,2,0,3,0,2,0,3,1,0,1,0,0,2,1,2,2,0,0,3,1,0,NA,NA,214871,2233,84.26,84.26,80.95,80.95,71.67,71.67,76.92,76.92,37.5,37.5
"Georgia","GEO",NA,NA,"NAT_TOTAL",20201224,3,0,2,1,2,1,4,1,2,0,3,0,2,0,3,1,0,1,0,0,2,1,2,2,0,0,3,1,0,NA,NA,216843,2276,84.26,84.26,80.95,80.95,71.67,71.67,76.92,76.92,37.5,37.5
"Georgia","GEO",NA,NA,"NAT_TOTAL",20201225,3,0,2,1,2,1,4,1,2,0,3,0,2,0,3,1,0,1,0,0,2,1,2,2,0,0,3,1,0,NA,NA,218724,2313,84.26,84.26,80.95,80.95,71.67,71.67,76.92,76.92,37.5,37.5
"Georgia","GEO",NA,NA,"NAT_TOTAL",20201226,3,0,2,1,2,1,4,1,2,0,3,0,2,0,3,1,0,1,0,0,2,1,2,2,0,0,3,1,0,NA,NA,220508,2352,84.26,84.26,80.95,80.95,71.67,71.67,76.92,76.92,37.5,37.5
"Georgia","GEO",NA,NA,"NAT_TOTAL",20201227,3,0,2,1,2,1,4,1,2,0,3,0,2,0,3,1,0,1,0,0,2,1,2,2,0,0,3,1,0,NA,NA,221605,2377,84.26,84.26,80.95,80.95,71.67,71.67,76.92,76.92,37.5,37.5
"Georgia","GEO",NA,NA,"NAT_TOTAL",20201228,3,0,2,1,2,1,4,1,2,0,3,0,2,0,3,1,0,1,0,0,2,1,2,2,0,0,3,1,0,NA,NA,222143,2418,84.26,84.26,80.95,80.95,71.67,71.67,76.92,76.92,37.5,37.5
"Georgia","GEO",NA,NA,"NAT_TOTAL",20201229,3,0,2,1,2,1,4,1,2,0,3,0,2,0,3,1,0,1,0,0,2,1,2,2,0,0,3,1,0,NA,NA,224155,2443,84.26,84.26,80.95,80.95,71.67,71.67,76.92,76.92,37.5,37.5
"Georgia","GEO",NA,NA,"NAT_TOTAL",20201230,3,0,2,1,2,1,4,1,2,0,3,0,2,0,3,1,0,1,0,0,2,1,2,2,0,0,3,1,0,NA,NA,225893,2481,84.26,84.26,80.95,80.95,71.67,71.67,76.92,76.92,37.5,37.5
"Georgia","GEO",NA,NA,"NAT_TOTAL",20201231,3,0,2,1,2,1,4,1,2,0,3,0,2,0,3,1,0,1,0,0,2,1,2,2,0,0,3,1,0,NA,NA,227420,2505,84.26,84.26,80.95,80.95,71.67,71.67,76.92,76.92,37.5,37.5
"Georgia","GEO",NA,NA,"NAT_TOTAL",20210101,3,0,2,1,2,1,4,1,2,0,3,0,2,0,3,1,0,1,0,0,2,1,2,2,0,0,3,1,0,NA,NA,228410,2528,84.26,84.26,80.95,80.95,71.67,71.67,76.92,76.92,37.5,37.5
"Georgia","GEO",NA,NA,"NAT_TOTAL",20210102,3,0,2,1,2,1,4,1,2,0,3,0,2,0,3,1,0,1,0,0,2,1,2,2,0,0,3,1,0,NA,NA,228752,2572,84.26,84.26,80.95,80.95,71.67,71.67,76.92,76.92,37.5,37.5
"Georgia","GEO",NA,NA,"NAT_TOTAL",20210103,3,0,2,1,2,1,4,1,2,0,3,0,2,0,3,1,0,1,0,0,2,1,2,2,0,0,3,1,0,NA,NA,229169,2603,84.26,84.26,80.95,80.95,71.67,71.67,76.92,76.92,37.5,37.5
"Georgia","GEO",NA,NA,"NAT_TOTAL",20210104,3,0,2,1,2,1,4,1,2,0,3,0,2,0,3,1,0,1,0,0,2,1,2,2,0,0,3,1,0,NA,NA,229763,2628,84.26,84.26,80.95,80.95,71.67,71.67,76.92,76.92,37.5,37.5
"Georgia","GEO",NA,NA,"NAT_TOTAL",20210105,3,0,2,1,2,1,4,1,2,0,3,0,2,0,3,1,0,1,0,0,2,1,2,2,0,0,3,1,0,NA,NA,232079,2646,84.26,84.26,80.95,80.95,71.67,71.67,76.92,76.92,37.5,37.5
"Georgia","GEO",NA,NA,"NAT_TOTAL",20210106,3,0,2,1,2,1,4,1,2,0,3,0,2,0,3,1,0,1,0,0,2,1,2,2,0,0,3,1,0,NA,NA,233879,2666,84.26,84.26,80.95,80.95,71.67,71.67,76.92,76.92,37.5,37.5
"Georgia","GEO",NA,NA,"NAT_TOTAL",20210107,3,0,2,1,2,1,4,1,2,0,3,0,2,0,3,1,0,1,0,0,2,1,2,2,0,0,3,1,0,NA,NA,235491,2694,84.26,84.26,80.95,80.95,71.67,71.67,76.92,76.92,37.5,37.5
"Georgia","GEO",NA,NA,"NAT_TOTAL",20210108,3,0,2,1,2,1,4,1,2,0,3,0,2,0,3,1,0,1,0,0,2,1,2,2,0,0,3,1,0,NA,NA,236028,2728,84.26,84.26,80.95,80.95,71.67,71.67,76.92,76.92,37.5,37.5
"Georgia","GEO",NA,NA,"NAT_TOTAL",20210109,3,0,2,1,2,1,4,1,2,0,3,0,2,0,3,1,0,1,0,0,2,1,2,2,0,0,3,1,0,NA,NA,238086,2750,84.26,84.26,80.95,80.95,71.67,71.67,76.92,76.92,37.5,37.5
"Georgia","GEO",NA,NA,"NAT_TOTAL",20210110,3,0,2,1,2,1,4,1,2,0,3,0,2,0,3,1,0,1,0,0,2,1,2,2,0,0,3,1,0,NA,NA,239229,2773,84.26,84.26,80.95,80.95,71.67,71.67,76.92,76.92,37.5,37.5
"Georgia","GEO",NA,NA,"NAT_TOTAL",20210111,3,0,2,1,2,1,4,1,2,0,3,0,2,0,3,1,0,1,0,0,2,1,2,2,0,0,3,1,0,NA,NA,239780,2796,84.26,84.26,80.95,80.95,71.67,71.67,76.92,76.92,37.5,37.5
"Georgia","GEO",NA,NA,"NAT_TOTAL",20210112,3,0,2,1,2,1,4,1,2,0,3,0,2,0,3,1,0,1,0,0,2,1,2,2,0,0,3,1,0,NA,NA,241637,2820,84.26,84.26,80.95,80.95,71.67,71.67,76.92,76.92,37.5,37.5
"Georgia","GEO",NA,NA,"NAT_TOTAL",20210113,3,0,2,1,2,1,4,1,2,0,3,0,2,0,3,1,0,1,0,0,2,1,2,2,0,0,3,1,0,NA,NA,243255,2846,84.26,84.26,80.95,80.95,71.67,71.67,76.92,76.92,37.5,37.5
"Georgia","GEO",NA,NA,"NAT_TOTAL",20210114,3,0,2,1,2,1,4,1,2,0,3,0,2,0,3,1,0,1,0,0,2,1,2,2,0,0,3,1,0,NA,NA,244612,2867,84.26,84.26,80.95,80.95,71.67,71.67,76.92,76.92,37.5,37.5
"Georgia","GEO",NA,NA,"NAT_TOTAL",20210115,3,0,2,1,2,1,4,1,2,0,3,0,2,0,3,1,0,1,0,0,2,1,2,2,0,0,3,1,0,NA,NA,245789,2893,84.26,84.26,80.95,80.95,71.67,71.67,76.92,76.92,37.5,37.5
"Georgia","GEO",NA,NA,"NAT_TOTAL",20210116,3,0,2,1,2,1,4,1,2,0,3,0,2,0,3,1,0,1,0,0,2,1,2,2,0,0,3,1,0,NA,NA,247025,2916,84.26,84.26,80.95,80.95,71.67,71.67,76.92,76.92,37.5,37.5
"Georgia","GEO",NA,NA,"NAT_TOTAL",20210117,3,0,2,1,2,1,4,1,2,0,3,0,2,0,3,1,0,1,0,0,2,1,2,2,0,0,3,1,0,NA,NA,247805,2933,84.26,84.26,80.95,80.95,71.67,71.67,76.92,76.92,37.5,37.5
"Georgia","GEO",NA,NA,"NAT_TOTAL",20210118,2,0,2,1,2,1,4,1,2,0,2,1,2,1,3,1,0,1,0,0,2,1,2,2,0,0,3,1,0,NA,NA,247915,2958,81.48,81.48,80.95,80.95,70,70,75,75,37.5,37.5
"Georgia","GEO",NA,NA,"NAT_TOTAL",20210119,2,0,2,1,2,1,4,1,2,0,2,1,2,1,3,1,0,1,0,0,2,1,2,2,0,0,3,1,0,NA,NA,249465,2973,81.48,81.48,80.95,80.95,70,70,75,75,37.5,37.5
"Georgia","GEO",NA,NA,"NAT_TOTAL",20210120,2,0,2,1,2,1,4,1,2,0,2,1,2,1,3,1,0,1,0,0,2,1,2,2,0,0,3,1,0,NA,NA,249934,2987,81.48,81.48,80.95,80.95,70,70,75,75,37.5,37.5
"Georgia","GEO",NA,NA,"NAT_TOTAL",20210121,2,0,2,1,2,1,4,1,2,0,2,1,2,1,3,1,0,1,0,0,2,1,2,2,0,0,3,1,0,NA,NA,251071,2998,81.48,81.48,80.95,80.95,70,70,75,75,37.5,37.5
"Georgia","GEO",NA,NA,"NAT_TOTAL",20210122,2,0,2,1,2,1,4,1,2,0,2,1,2,1,3,1,0,1,0,0,2,1,2,2,0,0,3,1,0,NA,NA,251974,3022,81.48,81.48,80.95,80.95,70,70,75,75,37.5,37.5
"Georgia","GEO",NA,NA,"NAT_TOTAL",20210123,2,0,2,1,2,1,4,1,2,0,2,1,2,1,3,1,0,1,0,0,2,1,2,2,0,0,3,1,0,NA,NA,252972,3038,81.48,81.48,80.95,80.95,70,70,75,75,37.5,37.5
"Georgia","GEO",NA,NA,"NAT_TOTAL",20210124,2,0,2,1,2,1,4,1,2,0,2,1,2,1,3,1,0,1,0,0,2,1,2,2,0,0,3,1,0,NA,NA,253518,3055,81.48,81.48,80.95,80.95,70,70,75,75,37.5,37.5
"Georgia","GEO",NA,NA,"NAT_TOTAL",20210125,2,0,2,1,2,1,4,1,2,0,2,1,2,1,3,1,0,1,0,0,2,1,2,2,2425886.94,0,3,1,0,NA,NA,253816,3071,81.48,81.48,80.95,80.95,70,70,75,75,37.5,37.5
"Georgia","GEO",NA,NA,"NAT_TOTAL",20210126,2,0,2,1,2,1,4,1,2,0,2,1,2,1,3,1,0,1,0,0,2,1,2,2,0,0,3,1,0,NA,NA,254822,3096,81.48,81.48,80.95,80.95,70,70,75,75,37.5,37.5
"Georgia","GEO",NA,NA,"NAT_TOTAL",20210127,2,0,2,1,2,1,4,1,2,0,2,1,2,1,3,1,0,1,0,0,2,1,2,2,0,0,3,1,0,NA,NA,255564,3108,81.48,81.48,80.95,80.95,70,70,75,75,37.5,37.5
"Georgia","GEO",NA,NA,"NAT_TOTAL",20210128,2,0,2,1,2,1,4,1,2,0,2,1,2,1,3,1,0,1,0,0,2,1,2,2,0,0,3,1,0,NA,NA,256287,3127,81.48,81.48,80.95,80.95,70,70,75,75,37.5,37.5
"Georgia","GEO",NA,NA,"NAT_TOTAL",20210129,2,0,2,1,2,1,4,1,2,0,2,1,2,1,3,1,0,1,0,0,2,1,2,2,0,0,3,1,0,NA,NA,256956,3148,81.48,81.48,80.95,80.95,70,70,75,75,37.5,37.5
"Georgia","GEO",NA,NA,"NAT_TOTAL",20210130,2,1,2,1,2,1,4,1,2,0,2,1,2,1,3,1,0,1,0,0,2,1,2,2,0,0,3,1,0,NA,NA,257632,3159,83.33,83.33,84.52,84.52,71.11,71.11,76.28,76.28,37.5,37.5
"Georgia","GEO",NA,NA,"NAT_TOTAL",20210131,2,1,2,1,2,1,4,1,2,0,2,1,2,1,3,1,0,1,0,0,2,1,2,2,0,0,3,1,0,NA,NA,258111,3178,83.33,83.33,84.52,84.52,71.11,71.11,76.28,76.28,37.5,37.5
"Georgia","GEO",NA,NA,"NAT_TOTAL",20210201,2,1,2,1,2,1,4,1,2,0,2,1,2,1,3,1,0,1,0,0,2,1,2,2,0,0,3,1,0,NA,NA,258351,3194,83.33,83.33,84.52,84.52,71.11,71.11,76.28,76.28,37.5,37.5
"Georgia","GEO",NA,NA,"NAT_TOTAL",20210202,2,1,2,1,2,1,4,1,2,0,2,1,2,1,3,1,0,1,0,0,2,1,2,2,0,0,3,1,0,NA,NA,259209,3208,83.33,83.33,84.52,84.52,71.11,71.11,76.28,76.28,37.5,37.5
"Georgia","GEO",NA,NA,"NAT_TOTAL",20210203,2,1,2,1,2,1,4,1,2,0,2,1,2,1,3,1,0,1,0,0,2,1,2,2,0,0,3,1,0,NA,NA,259897,3221,83.33,83.33,84.52,84.52,71.11,71.11,76.28,76.28,37.5,37.5
"Georgia","GEO",NA,NA,"NAT_TOTAL",20210204,2,1,2,1,2,1,4,1,2,0,2,1,2,1,3,1,0,1,0,0,2,1,2,2,0,0,3,1,0,NA,NA,260480,3240,83.33,83.33,84.52,84.52,71.11,71.11,76.28,76.28,37.5,37.5
"Georgia","GEO",NA,NA,"NAT_TOTAL",20210205,2,1,2,1,2,1,4,1,2,0,2,1,2,1,2,1,0,1,0,0,2,1,2,2,0,0,3,1,0,NA,NA,261018,3258,80.56,80.56,80.95,80.95,69.44,69.44,74.36,74.36,37.5,37.5
"Georgia","GEO",NA,NA,"NAT_TOTAL",20210206,2,1,2,1,2,1,4,1,2,0,2,1,2,1,2,1,0,1,0,0,2,1,2,2,0,0,3,1,0,NA,NA,261620,3269,80.56,80.56,80.95,80.95,69.44,69.44,74.36,74.36,37.5,37.5
"Georgia","GEO",NA,NA,"NAT_TOTAL",20210207,2,1,2,1,2,1,4,1,2,0,2,1,2,1,2,1,0,1,0,0,2,1,2,2,0,0,3,1,0,NA,NA,262024,3283,80.56,80.56,80.95,80.95,69.44,69.44,74.36,74.36,37.5,37.5
"Georgia","GEO",NA,NA,"NAT_TOTAL",20210208,2,1,2,1,2,1,4,1,2,0,2,1,2,1,2,1,0,1,0,0,2,1,2,2,0,0,3,1,0,NA,NA,262228,3298,80.56,80.56,80.95,80.95,69.44,69.44,74.36,74.36,37.5,37.5
"Georgia","GEO",NA,NA,"NAT_TOTAL",20210209,2,1,2,1,2,1,4,1,2,0,2,1,2,1,2,1,0,1,0,0,2,1,2,2,0,0,3,1,0,NA,NA,263057,3306,80.56,80.56,80.95,80.95,69.44,69.44,74.36,74.36,37.5,37.5
"Georgia","GEO",NA,NA,"NAT_TOTAL",20210210,2,1,2,1,2,1,4,1,2,0,2,1,2,1,2,1,0,1,0,0,2,1,2,2,0,0,3,1,0,NA,NA,263601,3311,80.56,80.56,80.95,80.95,69.44,69.44,74.36,74.36,37.5,37.5
"Georgia","GEO",NA,NA,"NAT_TOTAL",20210211,2,1,2,1,2,1,4,1,2,0,2,1,2,1,2,1,0,1,0,0,2,1,2,2,0,0,3,1,0,NA,NA,264158,3321,80.56,80.56,80.95,80.95,69.44,69.44,74.36,74.36,37.5,37.5
"Georgia","GEO",NA,NA,"NAT_TOTAL",20210212,2,1,2,1,2,1,4,1,2,0,2,1,2,1,2,1,0,1,0,0,2,1,2,2,0,0,3,1,0,NA,NA,264665,3336,80.56,80.56,80.95,80.95,69.44,69.44,74.36,74.36,37.5,37.5
"Georgia","GEO",NA,NA,"NAT_TOTAL",20210213,2,1,2,1,2,1,4,1,2,0,2,1,2,1,2,1,0,1,0,0,2,1,2,2,0,0,3,1,0,NA,NA,265200,3343,80.56,80.56,80.95,80.95,69.44,69.44,74.36,74.36,37.5,37.5
"Georgia","GEO",NA,NA,"NAT_TOTAL",20210214,2,1,2,1,2,1,4,1,2,0,2,1,2,1,2,1,0,1,0,0,2,1,2,2,0,0,3,1,0,NA,NA,265557,3352,80.56,80.56,80.95,80.95,69.44,69.44,74.36,74.36,37.5,37.5
"Georgia","GEO",NA,NA,"NAT_TOTAL",20210215,2,1,2,1,2,1,4,1,2,0,2,1,2,1,2,0,NA,0,0,0,2,1,2,2,0,0,3,1,0,NA,NA,265722,3363,80.56,80.56,80.95,80.95,64.44,64.44,74.36,74.36,0,0
"Georgia","GEO",NA,NA,"NAT_TOTAL",20210216,2,1,2,1,2,1,4,1,2,0,2,1,2,1,2,0,NA,0,0,0,2,1,2,2,0,0,3,1,0,NA,NA,266462,3377,80.56,80.56,80.95,80.95,64.44,64.44,74.36,74.36,0,0
"Georgia","GEO",NA,NA,"NAT_TOTAL",20210217,2,1,2,1,2,1,4,1,2,0,2,1,2,1,2,0,NA,0,0,0,2,1,2,2,0,0,3,1,0,NA,NA,266948,3390,80.56,80.56,80.95,80.95,64.44,64.44,74.36,74.36,0,0
"Georgia","GEO",NA,NA,"NAT_TOTAL",20210218,2,1,2,1,2,1,4,1,2,0,2,1,2,1,2,0,NA,0,0,0,2,1,2,2,0,0,3,1,0,NA,NA,267313,3399,80.56,80.56,80.95,80.95,64.44,64.44,74.36,74.36,0,0
"Georgia","GEO",NA,NA,"NAT_TOTAL",20210219,2,1,2,1,2,1,4,1,2,0,2,1,2,1,2,0,NA,0,0,0,2,1,2,2,0,0,3,1,0,NA,NA,267701,3406,80.56,80.56,80.95,80.95,64.44,64.44,74.36,74.36,0,0
"Georgia","GEO",NA,NA,"NAT_TOTAL",20210220,2,1,2,1,2,1,4,1,2,0,2,1,2,1,2,0,NA,0,0,0,2,1,2,2,0,0,3,1,0,NA,NA,268097,3425,80.56,80.56,80.95,80.95,64.44,64.44,74.36,74.36,0,0
"Georgia","GEO",NA,NA,"NAT_TOTAL",20210221,2,1,2,1,2,1,4,1,2,0,2,1,2,1,2,0,NA,0,0,0,2,1,2,2,0,0,3,1,0,NA,NA,268355,3435,80.56,80.56,80.95,80.95,64.44,64.44,74.36,74.36,0,0
"Georgia","GEO",NA,NA,"NAT_TOTAL",20210222,2,1,2,1,2,1,NA,NA,2,0,2,1,2,1,2,1,0,1,0,0,2,1,1,2,0,0,2,1,0,NA,NA,268502,3447,69.44,69.44,80.95,80.95,58.89,58.89,62.18,62.18,37.5,37.5
"Georgia","GEO",NA,NA,"NAT_TOTAL",20210223,2,1,2,1,2,1,NA,NA,2,0,2,1,2,1,2,1,0,1,0,0,2,1,1,2,0,0,2,1,0,NA,NA,268995,3457,69.44,69.44,80.95,80.95,58.89,58.89,62.18,62.18,37.5,37.5
"Georgia","GEO",NA,NA,"NAT_TOTAL",20210224,2,1,2,1,2,1,NA,NA,0,NA,2,1,2,1,2,1,0,1,0,0,2,1,1,2,0,0,2,1,0,NA,NA,269438,3463,61.11,61.11,71.43,71.43,53.89,53.89,56.41,56.41,37.5,37.5
"Georgia","GEO",NA,NA,"NAT_TOTAL",20210225,2,1,2,1,2,1,NA,NA,0,NA,2,1,0,NA,2,1,0,1,0,0,2,1,1,2,0,0,2,1,0,NA,NA,269800,3475,50,50,67.86,67.86,47.22,47.22,48.72,48.72,37.5,37.5
"Georgia","GEO",NA,NA,"NAT_TOTAL",20210226,2,1,2,1,2,1,NA,NA,0,NA,2,1,0,NA,2,1,0,1,0,0,2,1,1,2,0,0,2,1,0,NA,NA,270137,3485,50,50,67.86,67.86,47.22,47.22,48.72,48.72,37.5,37.5
"Georgia","GEO",NA,NA,"NAT_TOTAL",20210227,2,1,2,1,2,1,NA,NA,0,NA,2,1,0,NA,2,1,0,1,0,0,2,1,1,2,0,0,2,1,0,NA,NA,270510,3499,50,50,67.86,67.86,47.22,47.22,48.72,48.72,37.5,37.5
"Georgia","GEO",NA,NA,"NAT_TOTAL",20210228,2,1,2,1,2,1,NA,NA,0,NA,2,1,0,NA,2,1,0,1,0,0,2,1,1,2,0,0,2,1,0,NA,NA,270758,3510,50,50,67.86,67.86,47.22,47.22,48.72,48.72,37.5,37.5
"Georgia","GEO",NA,NA,"NAT_TOTAL",20210301,0,NA,2,1,2,1,NA,NA,0,NA,2,1,0,NA,2,1,0,1,0,0,2,1,1,2,0,0,2,1,0,NA,NA,270918,3520,42.59,42.59,57.14,57.14,42.78,42.78,43.59,43.59,37.5,37.5
"Georgia","GEO",NA,NA,"NAT_TOTAL",20210302,0,NA,2,1,2,1,4,1,0,NA,2,1,2,1,2,1,0,0,0,0,2,1,2,2,0,0,3,1,0,NA,NA,271379,3532,64.81,64.81,60.71,60.71,56.67,56.67,63.46,63.46,12.5,12.5
"Georgia","GEO",NA,NA,"NAT_TOTAL",20210303,0,NA,2,1,2,1,4,1,0,NA,2,1,2,1,2,1,0,0,0,0,2,1,2,2,0,0,3,1,0,NA,NA,271739,3541,64.81,64.81,60.71,60.71,56.67,56.67,63.46,63.46,12.5,12.5
"Georgia","GEO",NA,NA,"NAT_TOTAL",20210304,0,NA,2,1,2,1,4,1,0,NA,2,1,2,1,2,1,0,0,0,0,2,1,2,2,0,0,3,1,0,NA,NA,271872,3553,64.81,64.81,60.71,60.71,56.67,56.67,63.46,63.46,12.5,12.5
"Georgia","GEO",NA,NA,"NAT_TOTAL",20210305,0,NA,2,1,2,1,4,1,0,NA,2,1,2,1,2,1,0,0,0,0,2,1,2,2,0,0,3,1,0,NA,NA,272262,3563,64.81,64.81,60.71,60.71,56.67,56.67,63.46,63.46,12.5,12.5
"Georgia","GEO",NA,NA,"NAT_TOTAL",20210306,0,NA,2,1,2,1,4,1,0,NA,2,1,2,1,2,1,0,0,0,0,2,1,2,2,0,0,3,1,0,NA,NA,272617,3567,64.81,64.81,60.71,60.71,56.67,56.67,63.46,63.46,12.5,12.5
"Georgia","GEO",NA,NA,"NAT_TOTAL",20210307,0,NA,2,1,2,1,4,1,0,NA,2,1,2,1,2,1,0,0,0,0,2,1,2,2,0,0,3,1,0,NA,NA,272851,3576,64.81,64.81,60.71,60.71,56.67,56.67,63.46,63.46,12.5,12.5
"Georgia","GEO",NA,NA,"NAT_TOTAL",20210308,NA,NA,NA,NA,NA,NA,NA,NA,NA,NA,NA,NA,NA,NA,NA,NA,NA,NA,NA,NA,NA,NA,NA,NA,NA,NA,NA,NA,NA,NA,NA,NA,NA,NA,64.81,NA,60.71,NA,56.67,NA,63.46,NA,12.5
